-- Table 1: Customers
CREATE TABLE customers (
    customer_id SERIAL PRIMARY KEY,
    first_name VARCHAR(50),
    last_name VARCHAR(50),
    email VARCHAR(100),
    phone_number VARCHAR(15),
    created_at TIMESTAMP DEFAULT CURRENT_TIMESTAMP
);

-- Table 2: Products
CREATE TABLE products (
    product_id SERIAL PRIMARY KEY,
    name VARCHAR(100),
    description TEXT,
    price NUMERIC(10, 2),
    stock_quantity INTEGER,
    category VARCHAR(50)
);

-- Table 3: Orders
CREATE TABLE orders (
    order_id SERIAL PRIMARY KEY,
    customer_id INTEGER REFERENCES customers(customer_id),
    order_date DATE,
    status VARCHAR(20),
    total_amount NUMERIC(10, 2),
    shipping_address TEXT
);

-- Table 4: Employees
CREATE TABLE employees (
    employee_id SERIAL PRIMARY KEY,
    first_name VARCHAR(50),
    last_name VARCHAR(50),
    department VARCHAR(50),
    hire_date DATE,
    salary NUMERIC(10, 2)
);

-- Table 5: Payments
CREATE TABLE payments (
    payment_id SERIAL PRIMARY KEY,
    order_id INTEGER REFERENCES orders(order_id),
    payment_date DATE,
    amount NUMERIC(10, 2),
    payment_method VARCHAR(50),
    transaction_status VARCHAR(20)
);

SELECT * FROM CUSTOMERS

SELECT * FROM products

SELECT * FROM orders

SELECT * FROM employees

SELECT * FROM payments

INSERT INTO orders (order_id, customer_id, order_date, status, total_amount, shipping_address) VALUES
(601, 1, '2023-01-01', 'Shipped', 125.50, '123 Main St, Anytown, CA 12345'),
(602, 2, '2023-01-02', 'Delivered', 200.00, '456 Oak Ave, Somecity, NY 67890'),
(603, 3, '2023-01-03', 'Pending', 75.00, '789 Pine Ln, Othertown, TX 24680'),
(604, 4, '2023-01-04', 'Processing', 150.00, '234 Elm St, Anycity, IL 13579'),
(605, 5, '2023-01-05', 'Shipped', 300.00, '567 Cedar Rd, Anytown, CA 98765'),
(606, 6, '2023-01-06', 'Delivered', 100.00, '890 Main St, Somecity, NY 54321'),
(607, 7, '2023-01-07', 'Pending', 50.00, '123 Oak Ave, Othertown, TX 98765'),
(608, 8, '2023-01-08', 'Processing', 250.00, '456 Pine Ln, Anycity, IL 24680'),
(609, 9, '2023-01-09', 'Shipped', 175.00, '789 Elm St, Anytown, CA 13579'),
(610, 10, '2023-01-10', 'Delivered', 225.00, '234 Cedar Rd, Somecity, NY 67890');

INSERT INTO customers (customer_id, first_name, last_name, email, phone_number) VALUES
(501, 'John1', 'Doe1', 'john1.doe@example.com', '1234560001'),
(502, 'John2', 'Doe2', 'john2.doe@example.com', '1234560002'),
(503, 'John3', 'Doe3', 'john3.doe@example.com', '1234560003'),
(504, 'John4', 'Doe4', 'john4.doe@example.com', '1234560004'),
(505, 'John5', 'Doe5', 'john5.doe@example.com', '1234560005'),
(506, 'John6', 'Doe6', 'john6.doe@example.com', '1234560006'),
(507, 'John7', 'Doe7', 'john7.doe@example.com', '1234560007'),
(508, 'John8', 'Doe8', 'john8.doe@example.com', '1234560008'),
(509, 'John9', 'Doe9', 'john9.doe@example.com', '1234560009'),
(510, 'John10', 'Doe10', 'john10.doe@example.com', '1234560010');

INSERT INTO products (product_id, name, description, price, stock_quantity, category) VALUES
(701, 'Product 1', 'Description 1', 10.99, 100, 'Category A'),
(702, 'Product 2', 'Description 2', 19.99, 50, 'Category B'),
(703, 'Product 3', 'Description 3', 25.00, 200, 'Category A'),
(704, 'Product 4', 'Description 4', 15.50, 75, 'Category C'),
(705, 'Product 5', 'Description 5', 30.00, 30, 'Category B'),
(706, 'Product 6', 'Description 6', 12.75, 120, 'Category A'),
(707, 'Product 7', 'Description 7', 22.50, 60, 'Category C'),
(708, 'Product 8', 'Description 8', 18.00, 90, 'Category B'),
(709, 'Product 9', 'Description 9', 27.50, 40, 'Category A'),
(710, 'Product 10', 'Description 10', 14.25, 110, 'Category C');

INSERT INTO payments (payment_id, order_id, payment_date, amount, payment_method, transaction_status)
VALUES
(801, 101, '2024-01-15', 25.50, 'Credit Card', 'Completed'),
(802, 102, '2024-01-16', 120.00, 'PayPal', 'Completed'),
(803, 103, '2024-01-17', 75.25, 'Debit Card', 'Completed'),
(804, 104, '2024-01-18', 300.00, 'Bank Transfer', 'Pending'),
(805, 105, '2024-01-19', 15.75, 'Credit Card', 'Completed'),
(806, 106, '2024-01-20', 90.50, 'PayPal', 'Completed'),
(807, 107, '2024-01-21', 45.00, 'Debit Card', 'Failed'),
(808, 108, '2024-01-22', 200.00, 'Bank Transfer', 'Completed'),
(809, 109, '2024-01-23', 60.00, 'Credit Card', 'Completed'),
(810, 110, '2024-01-24', 30.25, 'PayPal', 'Completed');

INSERT INTO employees (employee_id, first_name, last_name, department, hire_date, salary) VALUES
(901, 'Aarav', 'Sharma', 'Marketing', '2020-01-15', 55000.00),
(902, 'Aanya', 'Verma', 'Sales', '2019-08-20', 60000.00),
(903, 'Ishaan', 'Gupta', 'Engineering', '2021-03-01', 75000.00),
(904, 'Siya', 'Singh', 'HR', '2018-11-10', 50000.00),
(905, 'Arjun', 'Khan', 'Finance', '2022-02-05', 65000.00),
(906, 'Diya', 'Joshi', 'Marketing', '2020-05-12', 58000.00),
(907, 'Rohan', 'Mehta', 'Sales', '2019-12-01', 62000.00),
(908, 'Priya', 'Reddy', 'Engineering', '2021-07-15', 80000.00),
(909, 'Aryan', 'Patel', 'HR', '2018-09-01', 52000.00),
(910, 'Anika', 'Kumar', 'Finance', '2022-01-20', 68000.00);

INSERT INTO customers (customer_id, first_name, last_name, email, phone_number) VALUES
(1, 'John1', 'Doe1', 'john1.doe@example.com', '1234560001'),
(2, 'John2', 'Doe2', 'john2.doe@example.com', '1234560002'),
(3, 'John3', 'Doe3', 'john3.doe@example.com', '1234560003'),
(4, 'John4', 'Doe4', 'john4.doe@example.com', '1234560004'),
(5, 'John5', 'Doe5', 'john5.doe@example.com', '1234560005'),
(6, 'John6', 'Doe6', 'john6.doe@example.com', '1234560006'),
(7, 'John7', 'Doe7', 'john7.doe@example.com', '1234560007'),
(8, 'John8', 'Doe8', 'john8.doe@example.com', '1234560008'),
(9, 'John9', 'Doe9', 'john9.doe@example.com', '1234560009'),
(10, 'John10', 'Doe10', 'john10.doe@example.com', '1234560010'),
(11, 'John11', 'Doe11', 'john11.doe@example.com', '1234560011'),
(12, 'John12', 'Doe12', 'john12.doe@example.com', '1234560012'),
(13, 'John13', 'Doe13', 'john13.doe@example.com', '1234560013'),
(14, 'John14', 'Doe14', 'john14.doe@example.com', '1234560014'),
(15, 'John15', 'Doe15', 'john15.doe@example.com', '1234560015'),
(16, 'John16', 'Doe16', 'john16.doe@example.com', '1234560016'),
(17, 'John17', 'Doe17', 'john17.doe@example.com', '1234560017'),
(18, 'John18', 'Doe18', 'john18.doe@example.com', '1234560018'),
(19, 'John19', 'Doe19', 'john19.doe@example.com', '1234560019'),
(20, 'John20', 'Doe20', 'john20.doe@example.com', '1234560020'),
(21, 'John21', 'Doe21', 'john21.doe@example.com', '1234560021'),
(22, 'John22', 'Doe22', 'john22.doe@example.com', '1234560022'),
(23, 'John23', 'Doe23', 'john23.doe@example.com', '1234560023'),
(24, 'John24', 'Doe24', 'john24.doe@example.com', '1234560024'),
(25, 'John25', 'Doe25', 'john25.doe@example.com', '1234560025'),
(26, 'John26', 'Doe26', 'john26.doe@example.com', '1234560026'),
(27, 'John27', 'Doe27', 'john27.doe@example.com', '1234560027'),
(28, 'John28', 'Doe28', 'john28.doe@example.com', '1234560028'),
(29, 'John29', 'Doe29', 'john29.doe@example.com', '1234560029'),
(30, 'John30', 'Doe30', 'john30.doe@example.com', '1234560030'),
(31, 'John31', 'Doe31', 'john31.doe@example.com', '1234560031'),
(32, 'John32', 'Doe32', 'john32.doe@example.com', '1234560032'),
(33, 'John33', 'Doe33', 'john33.doe@example.com', '1234560033'),
(34, 'John34', 'Doe34', 'john34.doe@example.com', '1234560034'),
(35, 'John35', 'Doe35', 'john35.doe@example.com', '1234560035'),
(36, 'John36', 'Doe36', 'john36.doe@example.com', '1234560036'),
(37, 'John37', 'Doe37', 'john37.doe@example.com', '1234560037'),
(38, 'John38', 'Doe38', 'john38.doe@example.com', '1234560038'),
(39, 'John39', 'Doe39', 'john39.doe@example.com', '1234560039'),
(40, 'John40', 'Doe40', 'john40.doe@example.com', '1234560040'),
(41, 'John41', 'Doe41', 'john41.doe@example.com', '1234560041'),
(42, 'John42', 'Doe42', 'john42.doe@example.com', '1234560042'),
(43, 'John43', 'Doe43', 'john43.doe@example.com', '1234560043'),
(44, 'John44', 'Doe44', 'john44.doe@example.com', '1234560044'),
(45, 'John45', 'Doe45', 'john45.doe@example.com', '1234560045'),
(46, 'John46', 'Doe46', 'john46.doe@example.com', '1234560046'),
(47, 'John47', 'Doe47', 'john47.doe@example.com', '1234560047'),
(48, 'John48', 'Doe48', 'john48.doe@example.com', '1234560048'),
(49, 'John49', 'Doe49', 'john49.doe@example.com', '1234560049'),
(50, 'John50', 'Doe50', 'john50.doe@example.com', '1234560050'),
(51, 'John51', 'Doe51', 'john51.doe@example.com', '1234560051'),
(52, 'John52', 'Doe52', 'john52.doe@example.com', '1234560052'),
(53, 'John53', 'Doe53', 'john53.doe@example.com', '1234560053'),
(54, 'John54', 'Doe54', 'john54.doe@example.com', '1234560054'),
(55, 'John55', 'Doe55', 'john55.doe@example.com', '1234560055'),
(56, 'John56', 'Doe56', 'john56.doe@example.com', '1234560056'),
(57, 'John57', 'Doe57', 'john57.doe@example.com', '1234560057'),
(58, 'John58', 'Doe58', 'john58.doe@example.com', '1234560058'),
(59, 'John59', 'Doe59', 'john59.doe@example.com', '1234560059'),
(60, 'John60', 'Doe60', 'john60.doe@example.com', '1234560060'),
(61, 'John61', 'Doe61', 'john61.doe@example.com', '1234560061'),
(62, 'John62', 'Doe62', 'john62.doe@example.com', '1234560062'),
(63, 'John63', 'Doe63', 'john63.doe@example.com', '1234560063'),
(64, 'John64', 'Doe64', 'john64.doe@example.com', '1234560064'),
(65, 'John65', 'Doe65', 'john65.doe@example.com', '1234560065'),
(66, 'John66', 'Doe66', 'john66.doe@example.com', '1234560066'),
(67, 'John67', 'Doe67', 'john67.doe@example.com', '1234560067'),
(68, 'John68', 'Doe68', 'john68.doe@example.com', '1234560068'),
(69, 'John69', 'Doe69', 'john69.doe@example.com', '1234560069'),
(70, 'John70', 'Doe70', 'john70.doe@example.com', '1234560070'),
(71, 'John71', 'Doe71', 'john71.doe@example.com', '1234560071'),
(72, 'John72', 'Doe72', 'john72.doe@example.com', '1234560072'),
(73, 'John73', 'Doe73', 'john73.doe@example.com', '1234560073'),
(74, 'John74', 'Doe74', 'john74.doe@example.com', '1234560074'),
(75, 'John75', 'Doe75', 'john75.doe@example.com', '1234560075'),
(76, 'John76', 'Doe76', 'john76.doe@example.com', '1234560076'),
(77, 'John77', 'Doe77', 'john77.doe@example.com', '1234560077'),
(78, 'John78', 'Doe78', 'john78.doe@example.com', '1234560078'),
(79, 'John79', 'Doe79', 'john79.doe@example.com', '1234560079'),
(80, 'John80', 'Doe80', 'john80.doe@example.com', '1234560080'),
(81, 'John81', 'Doe81', 'john81.doe@example.com', '1234560081'),
(82, 'John82', 'Doe82', 'john82.doe@example.com', '1234560082'),
(83, 'John83', 'Doe83', 'john83.doe@example.com', '1234560083'),
(84, 'John84', 'Doe84', 'john84.doe@example.com', '1234560084'),
(85, 'John85', 'Doe85', 'john85.doe@example.com', '1234560085'),
(86, 'John86', 'Doe86', 'john86.doe@example.com', '1234560086'),
(87, 'John87', 'Doe87', 'john87.doe@example.com', '1234560087'),
(88, 'John88', 'Doe88', 'john88.doe@example.com', '1234560088'),
(89, 'John89', 'Doe89', 'john89.doe@example.com', '1234560089'),
(90, 'John90', 'Doe90', 'john90.doe@example.com', '1234560090'),
(91, 'John91', 'Doe91', 'john91.doe@example.com', '1234560091'),
(92, 'John92', 'Doe92', 'john92.doe@example.com', '1234560092'),
(93, 'John93', 'Doe93', 'john93.doe@example.com', '1234560093'),
(94, 'John94', 'Doe94', 'john94.doe@example.com', '1234560094'),
(95, 'John95', 'Doe95', 'john95.doe@example.com', '1234560095'),
(96, 'John96', 'Doe96', 'john96.doe@example.com', '1234560096'),
(97, 'John97', 'Doe97', 'john97.doe@example.com', '1234560097'),
(98, 'John98', 'Doe98', 'john98.doe@example.com', '1234560098'),
(99, 'John99', 'Doe99', 'john99.doe@example.com', '1234560099'),
(100, 'John100', 'Doe100', 'john100.doe@example.com', '1234560100'),
(101, 'John101', 'Doe101', 'john101.doe@example.com', '1234560101'),
(102, 'John102', 'Doe102', 'john102.doe@example.com', '1234560102'),
(103, 'John103', 'Doe103', 'john103.doe@example.com', '1234560103'),
(104, 'John104', 'Doe104', 'john104.doe@example.com', '1234560104'),
(105, 'John105', 'Doe105', 'john105.doe@example.com', '1234560105'),
(106, 'John106', 'Doe106', 'john106.doe@example.com', '1234560106'),
(107, 'John107', 'Doe107', 'john107.doe@example.com', '1234560107'),
(108, 'John108', 'Doe108', 'john108.doe@example.com', '1234560108'),
(109, 'John109', 'Doe109', 'john109.doe@example.com', '1234560109'),
(110, 'John110', 'Doe110', 'john110.doe@example.com', '1234560110'),
(111, 'John111', 'Doe111', 'john111.doe@example.com', '1234560111'),
(112, 'John112', 'Doe112', 'john112.doe@example.com', '1234560112'),
(113, 'John113', 'Doe113', 'john113.doe@example.com', '1234560113'),
(114, 'John114', 'Doe114', 'john114.doe@example.com', '1234560114'),
(115, 'John115', 'Doe115', 'john115.doe@example.com', '1234560115'),
(116, 'John116', 'Doe116', 'john116.doe@example.com', '1234560116'),
(117, 'John117', 'Doe117', 'john117.doe@example.com', '1234560117'),
(118, 'John118', 'Doe118', 'john118.doe@example.com', '1234560118'),
(119, 'John119', 'Doe119', 'john119.doe@example.com', '1234560119'),
(120, 'John120', 'Doe120', 'john120.doe@example.com', '1234560120'),
(121, 'John121', 'Doe121', 'john121.doe@example.com', '1234560121'),
(122, 'John122', 'Doe122', 'john122.doe@example.com', '1234560122'),
(123, 'John123', 'Doe123', 'john123.doe@example.com', '1234560123'),
(124, 'John124', 'Doe124', 'john124.doe@example.com', '1234560124'),
(125, 'John125', 'Doe125', 'john125.doe@example.com', '1234560125'),
(126, 'John126', 'Doe126', 'john126.doe@example.com', '1234560126'),
(127, 'John127', 'Doe127', 'john127.doe@example.com', '1234560127'),
(128, 'John128', 'Doe128', 'john128.doe@example.com', '1234560128'),
(129, 'John129', 'Doe129', 'john129.doe@example.com', '1234560129'),
(130, 'John130', 'Doe130', 'john130.doe@example.com', '1234560130'),
(131, 'John131', 'Doe131', 'john131.doe@example.com', '1234560131'),
(132, 'John132', 'Doe132', 'john132.doe@example.com', '1234560132'),
(133, 'John133', 'Doe133', 'john133.doe@example.com', '1234560133'),
(134, 'John134', 'Doe134', 'john134.doe@example.com', '1234560134'),
(135, 'John135', 'Doe135', 'john135.doe@example.com', '1234560135'),
(136, 'John136', 'Doe136', 'john136.doe@example.com', '1234560136'),
(137, 'John137', 'Doe137', 'john137.doe@example.com', '1234560137'),
(138, 'John138', 'Doe138', 'john138.doe@example.com', '1234560138'),
(139, 'John139', 'Doe139', 'john139.doe@example.com', '1234560139'),
(140, 'John140', 'Doe140', 'john140.doe@example.com', '1234560140'),
(141, 'John141', 'Doe141', 'john141.doe@example.com', '1234560141'),
(142, 'John142', 'Doe142', 'john142.doe@example.com', '1234560142'),
(143, 'John143', 'Doe143', 'john143.doe@example.com', '1234560143'),
(144, 'John144', 'Doe144', 'john144.doe@example.com', '1234560144'),
(145, 'John145', 'Doe145', 'john145.doe@example.com', '1234560145'),
(146, 'John146', 'Doe146', 'john146.doe@example.com', '1234560146'),
(147, 'John147', 'Doe147', 'john147.doe@example.com', '1234560147'),
(148, 'John148', 'Doe148', 'john148.doe@example.com', '1234560148'),
(149, 'John149', 'Doe149', 'john149.doe@example.com', '1234560149'),
(150, 'John150', 'Doe150', 'john150.doe@example.com', '1234560150'),
(151, 'John151', 'Doe151', 'john151.doe@example.com', '1234560151'),
(152, 'John152', 'Doe152', 'john152.doe@example.com', '1234560152'),
(153, 'John153', 'Doe153', 'john153.doe@example.com', '1234560153'),
(154, 'John154', 'Doe154', 'john154.doe@example.com', '1234560154'),
(155, 'John155', 'Doe155', 'john155.doe@example.com', '1234560155'),
(156, 'John156', 'Doe156', 'john156.doe@example.com', '1234560156'),
(157, 'John157', 'Doe157', 'john157.doe@example.com', '1234560157'),
(158, 'John158', 'Doe158', 'john158.doe@example.com', '1234560158'),
(159, 'John159', 'Doe159', 'john159.doe@example.com', '1234560159'),
(160, 'John160', 'Doe160', 'john160.doe@example.com', '1234560160'),
(161, 'John161', 'Doe161', 'john161.doe@example.com', '1234560161'),
(162, 'John162', 'Doe162', 'john162.doe@example.com', '1234560162'),
(163, 'John163', 'Doe163', 'john163.doe@example.com', '1234560163'),
(164, 'John164', 'Doe164', 'john164.doe@example.com', '1234560164'),
(165, 'John165', 'Doe165', 'john165.doe@example.com', '1234560165'),
(166, 'John166', 'Doe166', 'john166.doe@example.com', '1234560166'),
(167, 'John167', 'Doe167', 'john167.doe@example.com', '1234560167'),
(168, 'John168', 'Doe168', 'john168.doe@example.com', '1234560168'),
(169, 'John169', 'Doe169', 'john169.doe@example.com', '1234560169'),
(170, 'John170', 'Doe170', 'john170.doe@example.com', '1234560170'),
(171, 'John171', 'Doe171', 'john171.doe@example.com', '1234560171'),
(172, 'John172', 'Doe172', 'john172.doe@example.com', '1234560172'),
(173, 'John173', 'Doe173', 'john173.doe@example.com', '1234560173'),
(174, 'John174', 'Doe174', 'john174.doe@example.com', '1234560174'),
(175, 'John175', 'Doe175', 'john175.doe@example.com', '1234560175'),
(176, 'John176', 'Doe176', 'john176.doe@example.com', '1234560176'),
(177, 'John177', 'Doe177', 'john177.doe@example.com', '1234560177'),
(178, 'John178', 'Doe178', 'john178.doe@example.com', '1234560178'),
(179, 'John179', 'Doe179', 'john179.doe@example.com', '1234560179'),
(180, 'John180', 'Doe180', 'john180.doe@example.com', '1234560180'),
(181, 'John181', 'Doe181', 'john181.doe@example.com', '1234560181'),
(182, 'John182', 'Doe182', 'john182.doe@example.com', '1234560182'),
(183, 'John183', 'Doe183', 'john183.doe@example.com', '1234560183'),
(184, 'John184', 'Doe184', 'john184.doe@example.com', '1234560184'),
(185, 'John185', 'Doe185', 'john185.doe@example.com', '1234560185'),
(186, 'John186', 'Doe186', 'john186.doe@example.com', '1234560186'),
(187, 'John187', 'Doe187', 'john187.doe@example.com', '1234560187'),
(188, 'John188', 'Doe188', 'john188.doe@example.com', '1234560188'),
(189, 'John189', 'Doe189', 'john189.doe@example.com', '1234560189'),
(190, 'John190', 'Doe190', 'john190.doe@example.com', '1234560190'),
(191, 'John191', 'Doe191', 'john191.doe@example.com', '1234560191'),
(192, 'John192', 'Doe192', 'john192.doe@example.com', '1234560192'),
(193, 'John193', 'Doe193', 'john193.doe@example.com', '1234560193'),
(194, 'John194', 'Doe194', 'john194.doe@example.com', '1234560194'),
(195, 'John195', 'Doe195', 'john195.doe@example.com', '1234560195'),
(196, 'John196', 'Doe196', 'john196.doe@example.com', '1234560196'),
(197, 'John197', 'Doe197', 'john197.doe@example.com', '1234560197'),
(198, 'John198', 'Doe198', 'john198.doe@example.com', '1234560198'),
(199, 'John199', 'Doe199', 'john199.doe@example.com', '1234560199'),
(200, 'John200', 'Doe200', 'john200.doe@example.com', '1234560200'),
(201, 'John201', 'Doe201', 'john201.doe@example.com', '1234560201'),
(202, 'John202', 'Doe202', 'john202.doe@example.com', '1234560202'),
(203, 'John203', 'Doe203', 'john203.doe@example.com', '1234560203'),
(204, 'John204', 'Doe204', 'john204.doe@example.com', '1234560204'),
(205, 'John205', 'Doe205', 'john205.doe@example.com', '1234560205'),
(206, 'John206', 'Doe206', 'john206.doe@example.com', '1234560206'),
(207, 'John207', 'Doe207', 'john207.doe@example.com', '1234560207'),
(208, 'John208', 'Doe208', 'john208.doe@example.com', '1234560208'),
(209, 'John209', 'Doe209', 'john209.doe@example.com', '1234560209'),
(210, 'John210', 'Doe210', 'john210.doe@example.com', '1234560210'),
(211, 'John211', 'Doe211', 'john211.doe@example.com', '1234560211'),
(212, 'John212', 'Doe212', 'john212.doe@example.com', '1234560212'),
(213, 'John213', 'Doe213', 'john213.doe@example.com', '1234560213'),
(214, 'John214', 'Doe214', 'john214.doe@example.com', '1234560214'),
(215, 'John215', 'Doe215', 'john215.doe@example.com', '1234560215'),
(216, 'John216', 'Doe216', 'john216.doe@example.com', '1234560216'),
(217, 'John217', 'Doe217', 'john217.doe@example.com', '1234560217'),
(218, 'John218', 'Doe218', 'john218.doe@example.com', '1234560218'),
(219, 'John219', 'Doe219', 'john219.doe@example.com', '1234560219'),
(220, 'John220', 'Doe220', 'john220.doe@example.com', '1234560220'),
(221, 'John221', 'Doe221', 'john221.doe@example.com', '1234560221'),
(222, 'John222', 'Doe222', 'john222.doe@example.com', '1234560222'),
(223, 'John223', 'Doe223', 'john223.doe@example.com', '1234560223'),
(224, 'John224', 'Doe224', 'john224.doe@example.com', '1234560224'),
(225, 'John225', 'Doe225', 'john225.doe@example.com', '1234560225'),
(226, 'John226', 'Doe226', 'john226.doe@example.com', '1234560226'),
(227, 'John227', 'Doe227', 'john227.doe@example.com', '1234560227'),
(228, 'John228', 'Doe228', 'john228.doe@example.com', '1234560228'),
(229, 'John229', 'Doe229', 'john229.doe@example.com', '1234560229'),
(230, 'John230', 'Doe230', 'john230.doe@example.com', '1234560230'),
(231, 'John231', 'Doe231', 'john231.doe@example.com', '1234560231'),
(232, 'John232', 'Doe232', 'john232.doe@example.com', '1234560232'),
(233, 'John233', 'Doe233', 'john233.doe@example.com', '1234560233'),
(234, 'John234', 'Doe234', 'john234.doe@example.com', '1234560234'),
(235, 'John235', 'Doe235', 'john235.doe@example.com', '1234560235'),
(236, 'John236', 'Doe236', 'john236.doe@example.com', '1234560236'),
(237, 'John237', 'Doe237', 'john237.doe@example.com', '1234560237'),
(238, 'John238', 'Doe238', 'john238.doe@example.com', '1234560238'),
(239, 'John239', 'Doe239', 'john239.doe@example.com', '1234560239'),
(240, 'John240', 'Doe240', 'john240.doe@example.com', '1234560240'),
(241, 'John241', 'Doe241', 'john241.doe@example.com', '1234560241'),
(242, 'John242', 'Doe242', 'john242.doe@example.com', '1234560242'),
(243, 'John243', 'Doe243', 'john243.doe@example.com', '1234560243'),
(244, 'John244', 'Doe244', 'john244.doe@example.com', '1234560244'),
(245, 'John245', 'Doe245', 'john245.doe@example.com', '1234560245'),
(246, 'John246', 'Doe246', 'john246.doe@example.com', '1234560246'),
(247, 'John247', 'Doe247', 'john247.doe@example.com', '1234560247'),
(248, 'John248', 'Doe248', 'john248.doe@example.com', '1234560248'),
(249, 'John249', 'Doe249', 'john249.doe@example.com', '1234560249'),
(250, 'John250', 'Doe250', 'john250.doe@example.com', '1234560250'),
(251, 'John251', 'Doe251', 'john251.doe@example.com', '1234560251'),
(252, 'John252', 'Doe252', 'john252.doe@example.com', '1234560252'),
(253, 'John253', 'Doe253', 'john253.doe@example.com', '1234560253'),
(254, 'John254', 'Doe254', 'john254.doe@example.com', '1234560254'),
(255, 'John255', 'Doe255', 'john255.doe@example.com', '1234560255'),
(256, 'John256', 'Doe256', 'john256.doe@example.com', '1234560256'),
(257, 'John257', 'Doe257', 'john257.doe@example.com', '1234560257'),
(258, 'John258', 'Doe258', 'john258.doe@example.com', '1234560258'),
(259, 'John259', 'Doe259', 'john259.doe@example.com', '1234560259'),
(260, 'John260', 'Doe260', 'john260.doe@example.com', '1234560260'),
(261, 'John261', 'Doe261', 'john261.doe@example.com', '1234560261'),
(262, 'John262', 'Doe262', 'john262.doe@example.com', '1234560262'),
(263, 'John263', 'Doe263', 'john263.doe@example.com', '1234560263'),
(264, 'John264', 'Doe264', 'john264.doe@example.com', '1234560264'),
(265, 'John265', 'Doe265', 'john265.doe@example.com', '1234560265'),
(266, 'John266', 'Doe266', 'john266.doe@example.com', '1234560266'),
(267, 'John267', 'Doe267', 'john267.doe@example.com', '1234560267'),
(268, 'John268', 'Doe268', 'john268.doe@example.com', '1234560268'),
(269, 'John269', 'Doe269', 'john269.doe@example.com', '1234560269'),
(270, 'John270', 'Doe270', 'john270.doe@example.com', '1234560270'),
(271, 'John271', 'Doe271', 'john271.doe@example.com', '1234560271'),
(272, 'John272', 'Doe272', 'john272.doe@example.com', '1234560272'),
(273, 'John273', 'Doe273', 'john273.doe@example.com', '1234560273'),
(274, 'John274', 'Doe274', 'john274.doe@example.com', '1234560274'),
(275, 'John275', 'Doe275', 'john275.doe@example.com', '1234560275'),
(276, 'John276', 'Doe276', 'john276.doe@example.com', '1234560276'),
(277, 'John277', 'Doe277', 'john277.doe@example.com', '1234560277'),
(278, 'John278', 'Doe278', 'john278.doe@example.com', '1234560278'),
(279, 'John279', 'Doe279', 'john279.doe@example.com', '1234560279'),
(280, 'John280', 'Doe280', 'john280.doe@example.com', '1234560280'),
(281, 'John281', 'Doe281', 'john281.doe@example.com', '1234560281'),
(282, 'John282', 'Doe282', 'john282.doe@example.com', '1234560282'),
(283, 'John283', 'Doe283', 'john283.doe@example.com', '1234560283'),
(284, 'John284', 'Doe284', 'john284.doe@example.com', '1234560284'),
(285, 'John285', 'Doe285', 'john285.doe@example.com', '1234560285'),
(286, 'John286', 'Doe286', 'john286.doe@example.com', '1234560286'),
(287, 'John287', 'Doe287', 'john287.doe@example.com', '1234560287'),
(288, 'John288', 'Doe288', 'john288.doe@example.com', '1234560288'),
(289, 'John289', 'Doe289', 'john289.doe@example.com', '1234560289'),
(290, 'John290', 'Doe290', 'john290.doe@example.com', '1234560290'),
(291, 'John291', 'Doe291', 'john291.doe@example.com', '1234560291'),
(292, 'John292', 'Doe292', 'john292.doe@example.com', '1234560292'),
(293, 'John293', 'Doe293', 'john293.doe@example.com', '1234560293'),
(294, 'John294', 'Doe294', 'john294.doe@example.com', '1234560294'),
(295, 'John295', 'Doe295', 'john295.doe@example.com', '1234560295'),
(296, 'John296', 'Doe296', 'john296.doe@example.com', '1234560296'),
(297, 'John297', 'Doe297', 'john297.doe@example.com', '1234560297'),
(298, 'John298', 'Doe298', 'john298.doe@example.com', '1234560298'),
(299, 'John299', 'Doe299', 'john299.doe@example.com', '1234560299'),
(300, 'John300', 'Doe300', 'john300.doe@example.com', '1234560300'),
(301, 'John301', 'Doe301', 'john301.doe@example.com', '1234560301'),
(302, 'John302', 'Doe302', 'john302.doe@example.com', '1234560302'),
(303, 'John303', 'Doe303', 'john303.doe@example.com', '1234560303'),
(304, 'John304', 'Doe304', 'john304.doe@example.com', '1234560304'),
(305, 'John305', 'Doe305', 'john305.doe@example.com', '1234560305'),
(306, 'John306', 'Doe306', 'john306.doe@example.com', '1234560306'),
(307, 'John307', 'Doe307', 'john307.doe@example.com', '1234560307'),
(308, 'John308', 'Doe308', 'john308.doe@example.com', '1234560308'),
(309, 'John309', 'Doe309', 'john309.doe@example.com', '1234560309'),
(310, 'John310', 'Doe310', 'john310.doe@example.com', '1234560310'),
(311, 'John311', 'Doe311', 'john311.doe@example.com', '1234560311'),
(312, 'John312', 'Doe312', 'john312.doe@example.com', '1234560312'),
(313, 'John313', 'Doe313', 'john313.doe@example.com', '1234560313'),
(314, 'John314', 'Doe314', 'john314.doe@example.com', '1234560314'),
(315, 'John315', 'Doe315', 'john315.doe@example.com', '1234560315'),
(316, 'John316', 'Doe316', 'john316.doe@example.com', '1234560316'),
(317, 'John317', 'Doe317', 'john317.doe@example.com', '1234560317'),
(318, 'John318', 'Doe318', 'john318.doe@example.com', '1234560318'),
(319, 'John319', 'Doe319', 'john319.doe@example.com', '1234560319'),
(320, 'John320', 'Doe320', 'john320.doe@example.com', '1234560320'),
(321, 'John321', 'Doe321', 'john321.doe@example.com', '1234560321'),
(322, 'John322', 'Doe322', 'john322.doe@example.com', '1234560322'),
(323, 'John323', 'Doe323', 'john323.doe@example.com', '1234560323'),
(324, 'John324', 'Doe324', 'john324.doe@example.com', '1234560324'),
(325, 'John325', 'Doe325', 'john325.doe@example.com', '1234560325'),
(326, 'John326', 'Doe326', 'john326.doe@example.com', '1234560326'),
(327, 'John327', 'Doe327', 'john327.doe@example.com', '1234560327'),
(328, 'John328', 'Doe328', 'john328.doe@example.com', '1234560328'),
(329, 'John329', 'Doe329', 'john329.doe@example.com', '1234560329'),
(330, 'John330', 'Doe330', 'john330.doe@example.com', '1234560330'),
(331, 'John331', 'Doe331', 'john331.doe@example.com', '1234560331'),
(332, 'John332', 'Doe332', 'john332.doe@example.com', '1234560332'),
(333, 'John333', 'Doe333', 'john333.doe@example.com', '1234560333'),
(334, 'John334', 'Doe334', 'john334.doe@example.com', '1234560334'),
(335, 'John335', 'Doe335', 'john335.doe@example.com', '1234560335'),
(336, 'John336', 'Doe336', 'john336.doe@example.com', '1234560336'),
(337, 'John337', 'Doe337', 'john337.doe@example.com', '1234560337'),
(338, 'John338', 'Doe338', 'john338.doe@example.com', '1234560338'),
(339, 'John339', 'Doe339', 'john339.doe@example.com', '1234560339'),
(340, 'John340', 'Doe340', 'john340.doe@example.com', '1234560340'),
(341, 'John341', 'Doe341', 'john341.doe@example.com', '1234560341'),
(342, 'John342', 'Doe342', 'john342.doe@example.com', '1234560342'),
(343, 'John343', 'Doe343', 'john343.doe@example.com', '1234560343'),
(344, 'John344', 'Doe344', 'john344.doe@example.com', '1234560344'),
(345, 'John345', 'Doe345', 'john345.doe@example.com', '1234560345'),
(346, 'John346', 'Doe346', 'john346.doe@example.com', '1234560346'),
(347, 'John347', 'Doe347', 'john347.doe@example.com', '1234560347'),
(348, 'John348', 'Doe348', 'john348.doe@example.com', '1234560348'),
(349, 'John349', 'Doe349', 'john349.doe@example.com', '1234560349'),
(350, 'John350', 'Doe350', 'john350.doe@example.com', '1234560350'),
(351, 'John351', 'Doe351', 'john351.doe@example.com', '1234560351'),
(352, 'John352', 'Doe352', 'john352.doe@example.com', '1234560352'),
(353, 'John353', 'Doe353', 'john353.doe@example.com', '1234560353'),
(354, 'John354', 'Doe354', 'john354.doe@example.com', '1234560354'),
(355, 'John355', 'Doe355', 'john355.doe@example.com', '1234560355'),
(356, 'John356', 'Doe356', 'john356.doe@example.com', '1234560356'),
(357, 'John357', 'Doe357', 'john357.doe@example.com', '1234560357'),
(358, 'John358', 'Doe358', 'john358.doe@example.com', '1234560358'),
(359, 'John359', 'Doe359', 'john359.doe@example.com', '1234560359'),
(360, 'John360', 'Doe360', 'john360.doe@example.com', '1234560360'),
(361, 'John361', 'Doe361', 'john361.doe@example.com', '1234560361'),
(362, 'John362', 'Doe362', 'john362.doe@example.com', '1234560362'),
(363, 'John363', 'Doe363', 'john363.doe@example.com', '1234560363'),
(364, 'John364', 'Doe364', 'john364.doe@example.com', '1234560364'),
(365, 'John365', 'Doe365', 'john365.doe@example.com', '1234560365'),
(366, 'John366', 'Doe366', 'john366.doe@example.com', '1234560366'),
(367, 'John367', 'Doe367', 'john367.doe@example.com', '1234560367'),
(368, 'John368', 'Doe368', 'john368.doe@example.com', '1234560368'),
(369, 'John369', 'Doe369', 'john369.doe@example.com', '1234560369'),
(370, 'John370', 'Doe370', 'john370.doe@example.com', '1234560370'),
(371, 'John371', 'Doe371', 'john371.doe@example.com', '1234560371'),
(372, 'John372', 'Doe372', 'john372.doe@example.com', '1234560372'),
(373, 'John373', 'Doe373', 'john373.doe@example.com', '1234560373'),
(374, 'John374', 'Doe374', 'john374.doe@example.com', '1234560374'),
(375, 'John375', 'Doe375', 'john375.doe@example.com', '1234560375'),
(376, 'John376', 'Doe376', 'john376.doe@example.com', '1234560376'),
(377, 'John377', 'Doe377', 'john377.doe@example.com', '1234560377'),
(378, 'John378', 'Doe378', 'john378.doe@example.com', '1234560378'),
(379, 'John379', 'Doe379', 'john379.doe@example.com', '1234560379'),
(380, 'John380', 'Doe380', 'john380.doe@example.com', '1234560380'),
(381, 'John381', 'Doe381', 'john381.doe@example.com', '1234560381'),
(382, 'John382', 'Doe382', 'john382.doe@example.com', '1234560382'),
(383, 'John383', 'Doe383', 'john383.doe@example.com', '1234560383'),
(384, 'John384', 'Doe384', 'john384.doe@example.com', '1234560384'),
(385, 'John385', 'Doe385', 'john385.doe@example.com', '1234560385'),
(386, 'John386', 'Doe386', 'john386.doe@example.com', '1234560386'),
(387, 'John387', 'Doe387', 'john387.doe@example.com', '1234560387'),
(388, 'John388', 'Doe388', 'john388.doe@example.com', '1234560388'),
(389, 'John389', 'Doe389', 'john389.doe@example.com', '1234560389'),
(390, 'John390', 'Doe390', 'john390.doe@example.com', '1234560390'),
(391, 'John391', 'Doe391', 'john391.doe@example.com', '1234560391'),
(392, 'John392', 'Doe392', 'john392.doe@example.com', '1234560392'),
(393, 'John393', 'Doe393', 'john393.doe@example.com', '1234560393'),
(394, 'John394', 'Doe394', 'john394.doe@example.com', '1234560394'),
(395, 'John395', 'Doe395', 'john395.doe@example.com', '1234560395'),
(396, 'John396', 'Doe396', 'john396.doe@example.com', '1234560396'),
(397, 'John397', 'Doe397', 'john397.doe@example.com', '1234560397'),
(398, 'John398', 'Doe398', 'john398.doe@example.com', '1234560398'),
(399, 'John399', 'Doe399', 'john399.doe@example.com', '1234560399'),
(400, 'John400', 'Doe400', 'john400.doe@example.com', '1234560400'),
(401, 'John401', 'Doe401', 'john401.doe@example.com', '1234560401'),
(402, 'John402', 'Doe402', 'john402.doe@example.com', '1234560402'),
(403, 'John403', 'Doe403', 'john403.doe@example.com', '1234560403'),
(404, 'John404', 'Doe404', 'john404.doe@example.com', '1234560404'),
(405, 'John405', 'Doe405', 'john405.doe@example.com', '1234560405'),
(406, 'John406', 'Doe406', 'john406.doe@example.com', '1234560406'),
(407, 'John407', 'Doe407', 'john407.doe@example.com', '1234560407'),
(408, 'John408', 'Doe408', 'john408.doe@example.com', '1234560408'),
(409, 'John409', 'Doe409', 'john409.doe@example.com', '1234560409'),
(410, 'John410', 'Doe410', 'john410.doe@example.com', '1234560410'),
(411, 'John411', 'Doe411', 'john411.doe@example.com', '1234560411'),
(412, 'John412', 'Doe412', 'john412.doe@example.com', '1234560412'),
(413, 'John413', 'Doe413', 'john413.doe@example.com', '1234560413'),
(414, 'John414', 'Doe414', 'john414.doe@example.com', '1234560414'),
(415, 'John415', 'Doe415', 'john415.doe@example.com', '1234560415'),
(416, 'John416', 'Doe416', 'john416.doe@example.com', '1234560416'),
(417, 'John417', 'Doe417', 'john417.doe@example.com', '1234560417'),
(418, 'John418', 'Doe418', 'john418.doe@example.com', '1234560418'),
(419, 'John419', 'Doe419', 'john419.doe@example.com', '1234560419'),
(420, 'John420', 'Doe420', 'john420.doe@example.com', '1234560420'),
(421, 'John421', 'Doe421', 'john421.doe@example.com', '1234560421'),
(422, 'John422', 'Doe422', 'john422.doe@example.com', '1234560422'),
(423, 'John423', 'Doe423', 'john423.doe@example.com', '1234560423'),
(424, 'John424', 'Doe424', 'john424.doe@example.com', '1234560424'),
(425, 'John425', 'Doe425', 'john425.doe@example.com', '1234560425'),
(426, 'John426', 'Doe426', 'john426.doe@example.com', '1234560426'),
(427, 'John427', 'Doe427', 'john427.doe@example.com', '1234560427'),
(428, 'John428', 'Doe428', 'john428.doe@example.com', '1234560428'),
(429, 'John429', 'Doe429', 'john429.doe@example.com', '1234560429'),
(430, 'John430', 'Doe430', 'john430.doe@example.com', '1234560430'),
(431, 'John431', 'Doe431', 'john431.doe@example.com', '1234560431'),
(432, 'John432', 'Doe432', 'john432.doe@example.com', '1234560432'),
(433, 'John433', 'Doe433', 'john433.doe@example.com', '1234560433'),
(434, 'John434', 'Doe434', 'john434.doe@example.com', '1234560434'),
(435, 'John435', 'Doe435', 'john435.doe@example.com', '1234560435'),
(436, 'John436', 'Doe436', 'john436.doe@example.com', '1234560436'),
(437, 'John437', 'Doe437', 'john437.doe@example.com', '1234560437'),
(438, 'John438', 'Doe438', 'john438.doe@example.com', '1234560438'),
(439, 'John439', 'Doe439', 'john439.doe@example.com', '1234560439'),
(440, 'John440', 'Doe440', 'john440.doe@example.com', '1234560440'),
(441, 'John441', 'Doe441', 'john441.doe@example.com', '1234560441'),
(442, 'John442', 'Doe442', 'john442.doe@example.com', '1234560442'),
(443, 'John443', 'Doe443', 'john443.doe@example.com', '1234560443'),
(444, 'John444', 'Doe444', 'john444.doe@example.com', '1234560444'),
(445, 'John445', 'Doe445', 'john445.doe@example.com', '1234560445'),
(446, 'John446', 'Doe446', 'john446.doe@example.com', '1234560446'),
(447, 'John447', 'Doe447', 'john447.doe@example.com', '1234560447'),
(448, 'John448', 'Doe448', 'john448.doe@example.com', '1234560448'),
(449, 'John449', 'Doe449', 'john449.doe@example.com', '1234560449'),
(450, 'John450', 'Doe450', 'john450.doe@example.com', '1234560450'),
(451, 'John451', 'Doe451', 'john451.doe@example.com', '1234560451'),
(452, 'John452', 'Doe452', 'john452.doe@example.com', '1234560452'),
(453, 'John453', 'Doe453', 'john453.doe@example.com', '1234560453'),
(454, 'John454', 'Doe454', 'john454.doe@example.com', '1234560454'),
(455, 'John455', 'Doe455', 'john455.doe@example.com', '1234560455'),
(456, 'John456', 'Doe456', 'john456.doe@example.com', '1234560456'),
(457, 'John457', 'Doe457', 'john457.doe@example.com', '1234560457'),
(458, 'John458', 'Doe458', 'john458.doe@example.com', '1234560458'),
(459, 'John459', 'Doe459', 'john459.doe@example.com', '1234560459'),
(460, 'John460', 'Doe460', 'john460.doe@example.com', '1234560460'),
(461, 'John461', 'Doe461', 'john461.doe@example.com', '1234560461'),
(462, 'John462', 'Doe462', 'john462.doe@example.com', '1234560462'),
(463, 'John463', 'Doe463', 'john463.doe@example.com', '1234560463'),
(464, 'John464', 'Doe464', 'john464.doe@example.com', '1234560464'),
(465, 'John465', 'Doe465', 'john465.doe@example.com', '1234560465'),
(466, 'John466', 'Doe466', 'john466.doe@example.com', '1234560466'),
(467, 'John467', 'Doe467', 'john467.doe@example.com', '1234560467'),
(468, 'John468', 'Doe468', 'john468.doe@example.com', '1234560468'),
(469, 'John469', 'Doe469', 'john469.doe@example.com', '1234560469'),
(470, 'John470', 'Doe470', 'john470.doe@example.com', '1234560470'),
(471, 'John471', 'Doe471', 'john471.doe@example.com', '1234560471'),
(472, 'John472', 'Doe472', 'john472.doe@example.com', '1234560472'),
(473, 'John473', 'Doe473', 'john473.doe@example.com', '1234560473'),
(474, 'John474', 'Doe474', 'john474.doe@example.com', '1234560474'),
(475, 'John475', 'Doe475', 'john475.doe@example.com', '1234560475'),
(476, 'John476', 'Doe476', 'john476.doe@example.com', '1234560476'),
(477, 'John477', 'Doe477', 'john477.doe@example.com', '1234560477'),
(478, 'John478', 'Doe478', 'john478.doe@example.com', '1234560478'),
(479, 'John479', 'Doe479', 'john479.doe@example.com', '1234560479'),
(480, 'John480', 'Doe480', 'john480.doe@example.com', '1234560480'),
(481, 'John481', 'Doe481', 'john481.doe@example.com', '1234560481'),
(482, 'John482', 'Doe482', 'john482.doe@example.com', '1234560482'),
(483, 'John483', 'Doe483', 'john483.doe@example.com', '1234560483'),
(484, 'John484', 'Doe484', 'john484.doe@example.com', '1234560484'),
(485, 'John485', 'Doe485', 'john485.doe@example.com', '1234560485'),
(486, 'John486', 'Doe486', 'john486.doe@example.com', '1234560486'),
(487, 'John487', 'Doe487', 'john487.doe@example.com', '1234560487'),
(488, 'John488', 'Doe488', 'john488.doe@example.com', '1234560488'),
(489, 'John489', 'Doe489', 'john489.doe@example.com', '1234560489'),
(490, 'John490', 'Doe490', 'john490.doe@example.com', '1234560490'),
(491, 'John491', 'Doe491', 'john491.doe@example.com', '1234560491'),
(492, 'John492', 'Doe492', 'john492.doe@example.com', '1234560492'),
(493, 'John493', 'Doe493', 'john493.doe@example.com', '1234560493'),
(494, 'John494', 'Doe494', 'john494.doe@example.com', '1234560494'),
(495, 'John495', 'Doe495', 'john495.doe@example.com', '1234560495'),
(496, 'John496', 'Doe496', 'john496.doe@example.com', '1234560496'),
(497, 'John497', 'Doe497', 'john497.doe@example.com', '1234560497'),
(498, 'John498', 'Doe498', 'john498.doe@example.com', '1234560498'),
(499, 'John499', 'Doe499', 'john499.doe@example.com', '1234560499'),
(500, 'John500', 'Doe500', 'john500.doe@example.com', '1234560500');

INSERT INTO employees (employee_id, first_name, last_name, department, hire_date, salary) VALUES
(1, 'Aarav', 'Sharma', 'Marketing', '2020-01-15', 55000.00),
(2, 'Aanya', 'Verma', 'Sales', '2019-08-20', 60000.00),
(3, 'Ishaan', 'Gupta', 'Engineering', '2021-03-01', 75000.00),
(4, 'Siya', 'Singh', 'HR', '2018-11-10', 50000.00),
(5, 'Arjun', 'Khan', 'Finance', '2022-02-05', 65000.00),
(6, 'Diya', 'Joshi', 'Marketing', '2020-05-12', 58000.00),
(7, 'Rohan', 'Mehta', 'Sales', '2019-12-01', 62000.00),
(8, 'Priya', 'Reddy', 'Engineering', '2021-07-15', 80000.00),
(9, 'Aryan', 'Patel', 'HR', '2018-09-01', 52000.00),
(10, 'Anika', 'Kumar', 'Finance', '2022-01-20', 68000.00),
(11, 'Advait', 'Soni', 'Marketing', '2020-02-28', 56000.00),
(12, 'aira', 'Das', 'Sales', '2019-10-05', 61000.00),
(13, 'Vihaan', 'Nair', 'Engineering', '2021-04-10', 77000.00),
(14, 'Sara', 'Sharma', 'HR', '2018-12-18', 51000.00),
(15, 'Vivaan', 'Verma', 'Finance', '2022-03-25', 66000.00),
(16, 'Aahana', 'Gupta', 'Marketing', '2020-06-18', 59000.00),
(17, 'Reyansh', 'Singh', 'Sales', '2020-01-02', 63000.00),
(18, 'Shanaya', 'Khan', 'Engineering', '2021-08-22', 82000.00),
(19, 'Dhruv', 'Joshi', 'HR', '2018-10-08', 53000.00),
(20, 'Kyra', 'Mehta', 'Finance', '2022-02-17', 69000.00),
(21, ' Kabir', 'Reddy', 'Marketing', '2020-03-10', 57000.00),
(22, 'Saira', 'Patel', 'Sales', '2019-11-12', 62000.00),
(23, 'Arnav', 'Kumar', 'Engineering', '2021-05-05', 79000.00),
(24, 'Inaya', 'Soni', 'HR', '2019-01-05', 52000.00),
(25, 'Rishi', 'Das', 'Finance', '2022-04-01', 67000.00),
(26, 'Anvi', 'Nair', 'Marketing', '2020-07-01', 60000.00),
(27, 'Aryan', 'Sharma', 'Sales', '2020-01-18', 64000.00),
(28, 'Myra', 'Verma', 'Engineering', '2021-09-28', 84000.00),
(29, 'Shaurya', 'Gupta', 'HR', '2018-11-20', 54000.00),
(30, 'Aaradhya', 'Singh', 'Finance', '2022-03-05', 70000.00),
(31, 'Ahaan', 'Khan', 'Marketing', '2020-03-22', 58000.00),
(32, 'Aisha', 'Joshi', 'Sales', '2019-12-22', 63000.00),
(33, 'Dhruv', 'Mehta', 'Engineering', '2021-06-10', 81000.00),
(34, 'Ishika', 'Reddy', 'HR', '2019-01-10', 53000.00),
(35, 'Kian', 'Patel', 'Finance', '2022-04-10', 68000.00),
(36, 'Kiara', 'Kumar', 'Marketing', '2020-07-15', 61000.00),
(37, 'Neil', 'Soni', 'Sales', '2020-02-02', 65000.00),
(38, 'Nina', 'Das', 'Engineering', '2021-10-02', 86000.00),
(39, 'Parth', 'Nair', 'HR', '2018-12-30', 55000.00),
(40, 'Riya', 'Sharma', 'Finance', '2022-03-10', 71000.00),
(41, 'Samar', 'Verma', 'Marketing', '2020-04-05', 59000.00),
(42, 'Tara', 'Gupta', 'Sales', '2020-01-25', 64000.00),
(43, 'Utkarsh', 'Singh', 'Engineering', '2021-07-01', 83000.00),
(44, 'Vrinda', 'Khan', 'HR', '2019-01-15', 54000.00),
(45, 'Yash', 'Joshi', 'Finance', '2022-04-15', 69000.00),
(46, 'Zara', 'Mehta', 'Marketing', '2020-07-20', 62000.00),
(47, 'Zayn', 'Reddy', 'Sales', '2020-02-10', 66000.00),
(48, 'Aanya', 'Patel', 'Engineering', '2021-10-10', 88000.00),
(49, 'Aarav', 'Kumar', 'HR', '2019-02-01', 56000.00),
(50, 'Diya', 'Soni', 'Finance', '2022-05-01', 72000.00),
(51, 'Unknown', 'Unknown', 'Marketing', '2020-04-10', 60000.00),
(52, 'Unknown', 'Unknown', 'Sales', '2020-05-15', 65000.00),
(53, 'Unknown', 'Unknown', 'Engineering', '2021-08-01', 87000.00),
(54, 'Unknown', 'Unknown', 'HR', '2019-02-10', 57000.00),
(55, 'Unknown', 'Unknown', 'Finance', '2022-05-10', 73000.00),
(56, 'Unknown', 'Unknown', 'Marketing', '2020-07-25', 63000.00),
(57, 'Unknown', 'Unknown', 'Sales', '2020-03-01', 67000.00),
(58, 'Unknown', 'Unknown', 'Engineering', '2021-10-15', 90000.00),
(59, 'Unknown', 'Unknown', 'HR', '2019-03-01', 59000.00),
(60, 'Unknown', 'Unknown', 'Finance', '2022-05-20', 75000.00),
(61, 'Unknown', 'Unknown', 'Marketing', '2020-04-15', 61000.00),
(62, 'Unknown', 'Unknown', 'Sales', '2020-05-20', 66000.00),
(63, 'Unknown', 'Unknown', 'Engineering', '2021-08-05', 88000.00),
(64, 'Unknown', 'Unknown', 'HR', '2019-02-15', 58000.00),
(65, 'Unknown', 'Unknown', 'Finance', '2022-05-15', 74000.00),
(66, 'Unknown', 'Unknown', 'Marketing', '2020-07-30', 64000.00),
(67, 'Unknown', 'Unknown', 'Sales', '2020-03-05', 68000.00),
(68, 'Unknown', 'Unknown', 'Engineering', '2021-10-20', 92000.00),
(69, 'Unknown', 'Unknown', 'HR', '2019-03-05', 60000.00),
(70, 'Unknown', 'Unknown', 'Finance', '2022-05-25', 76000.00),
(71, 'David', 'Johnson', 'Marketing', '2020-01-20', 56000.00),
(72, 'Sarah', 'Williams', 'Sales', '2019-08-25', 61000.00),
(73, 'Michael', 'Brown', 'Engineering', '2021-03-05', 77000.00),
(74, 'Jennifer', 'Davis', 'HR', '2018-11-15', 51000.00),
(75, 'Christopher', 'Miller', 'Finance', '2022-02-10', 66000.00),
(76, 'Amanda', 'Wilson', 'Marketing', '2020-05-17', 59000.00),
(77, 'Matthew', 'Garcia', 'Sales', '2019-12-06', 63000.00),
(78, 'Jessica', 'Rodriguez', 'Engineering', '2021-07-20', 82000.00),
(79, 'Andrew', 'Williams', 'HR', '2018-09-06', 53000.00),
(80, 'Ashley', 'Garcia', 'Finance', '2022-01-25', 69000.00),
(81, 'Kevin', 'Martinez', 'Marketing', '2020-03-15', 57000.00),
(82, 'Nicole', 'Robinson', 'Sales', '2019-11-17', 62000.00),
(83, 'Brian', 'Clark', 'Engineering', '2021-05-10', 79000.00),
(84, 'Stephanie', 'Lopez', 'HR', '2019-01-10', 52000.00),
(85, 'Brandon', 'Young', 'Finance', '2022-04-06', 67000.00),
(86, 'Michelle', 'Hernandez', 'Marketing', '2020-07-06', 60000.00),
(87, 'Jason', 'King', 'Sales', '2020-01-23', 64000.00),
(88, 'Kimberly', 'Wright', 'Engineering', '2021-10-01', 85000.00),
(89, 'Justin', 'Scott', 'HR', '2018-12-25', 54000.00),
(90, 'Angela', 'Baker', 'Finance', '2022-03-01', 70000.00),
(91, 'Eric', 'Hall', 'Marketing', '2020-03-27', 58000.00),
(92, 'Melissa', 'Green', 'Sales', '2019-12-27', 63000.00),
(93, 'Ryan', 'Adams', 'Engineering', '2021-06-15', 81000.00),
(94, 'Laura', 'Nelson', 'HR', '2019-01-15', 53000.00),
(95, 'Jeffrey', 'Carter', 'Finance', '2022-04-15', 68000.00),
(96, 'Sarah', 'Roberts', 'Marketing', '2020-07-20', 61000.00),
(97, 'James', 'Phillips', 'Sales', '2020-02-07', 65000.00),
(98, 'Nicole', 'Campbell', 'Engineering', '2021-10-07', 87000.00),
(99, 'Benjamin', 'Parker', 'HR', '2019-01-20', 55000.00),
(100, 'Stephanie', 'Evans', 'Finance', '2022-03-06', 71000.00),
(101, 'Jose', 'Gonzalez', 'Marketing', '2020-04-15', 59000.00),
(102, 'Maria', 'Martinez', 'Sales', '2020-02-01', 64000.00),
(103, 'Juan', 'Hernandez', 'Engineering', '2021-07-06', 83000.00),
(104, 'Ana', 'Lopez', 'HR', '2019-01-20', 54000.00),
(105, 'Carlos', 'Garcia', 'Finance', '2022-04-20', 69000.00),
(106, 'Isabel', 'Rodriguez', 'Marketing', '2020-07-25', 62000.00),
(107, 'Javier', 'Perez', 'Sales', '2020-02-15', 66000.00),
(108, 'Sofia', 'Sanchez', 'Engineering', '2021-10-15', 89000.00),
(109, 'Miguel', 'Ramirez', 'HR', '2019-02-06', 56000.00),
(110, 'Valentina', 'Flores', 'Finance', '2022-05-06', 72000.00),
(111, 'Pedro', 'Gomez', 'Marketing', '2020-04-20', 60000.00),
(112, 'Laura', 'Diaz', 'Sales', '2020-05-25', 65000.00),
(113, 'Diego', 'Ruiz', 'Engineering', '2021-08-10', 87000.00),
(114, 'Maria', 'Fernandez', 'HR', '2019-02-15', 57000.00),
(115, 'Alejandro', 'Jimenez', 'Finance', '2022-05-15', 73000.00),
(116, 'Daniela', 'Torres', 'Marketing', '2020-08-01', 63000.00),
(117, 'Sebastian', 'Vargas', 'Sales', '2020-03-10', 67000.00),
(118, 'Camila', 'Rojas', 'Engineering', '2021-10-20', 91000.00),
(119, 'Andres', 'Castro', 'HR', '2019-03-10', 59000.00),
(120, 'Valeria', 'Ortega', 'Finance', '2022-05-30', 75000.00),
(121, 'Gabriel', 'Perez', 'Marketing', '2020-04-25', 61000.00),
(122, 'Manuela', 'Ramirez', 'Sales', '2020-06-01', 66000.00),
(123, 'Santiago', 'Gomez', 'Engineering', '2021-08-15', 88000.00),
(124, 'Juliana', 'Diaz', 'HR', '2019-02-20', 58000.00),
(125, 'Mateo', 'Ruiz', 'Finance', '2022-05-20', 74000.00),
(126, 'Valentina', 'Fernandez', 'Marketing', '2020-08-06', 64000.00),
(127, 'Nicolas', 'Jimenez', 'Sales', '2020-03-15', 68000.00),
(128, 'Daniela', 'Torres', 'Engineering', '2021-10-25', 93000.00),
(129, 'Sebastian', 'Vargas', 'HR', '2019-03-15', 60000.00),
(130, 'Camila', 'Rojas', 'Finance', '2022-06-04', 76000.00),
(131, 'Ethan', 'Anderson', 'Marketing', '2020-05-01', 62000.00),
(132, 'Olivia', 'Thompson', 'Sales', '2020-06-05', 67000.00),
(133, 'Noah', 'Robinson', 'Engineering', '2021-08-20', 89000.00),
(134, 'Emma', 'Wright', 'HR', '2019-02-25', 59000.00),
(135, 'Liam', 'Turner', 'Finance', '2022-05-25', 75000.00),
(136, 'Ava', 'Hall', 'Marketing', '2020-08-11', 65000.00),
(137, 'William', 'Adams', 'Sales', '2020-03-20', 69000.00),
(138, 'Sophia', 'Nelson', 'Engineering', '2021-11-01', 94000.00),
(139, 'James', 'Carter', 'HR', '2019-03-20', 61000.00),
(140, 'Isabella', 'Roberts', 'Finance', '2022-06-09', 77000.00),
(141, 'Alexander', 'Phillips', 'Marketing', '2020-05-06', 63000.00),
(142, 'Mia', 'Campbell', 'Sales', '2020-06-10', 68000.00),
(143, 'Benjamin', 'Parker', 'Engineering', '2021-08-25', 90000.00),
(144, 'Charlotte', 'Evans', 'HR', '2019-03-01', 60000.00),
(145, 'Henry', 'Gonzalez', 'Finance', '2022-05-30', 76000.00),
(146, 'Amelia', 'Martinez', 'Marketing', '2020-08-16', 66000.00),
(147, 'Michael', 'Hernandez', 'Sales', '2020-03-25', 70000.00),
(148, 'Evelyn', 'Lopez', 'Engineering', '2021-11-06', 95000.00),
(149, 'Daniel', 'Garcia', 'HR', '2019-03-25', 62000.00),
(150, 'Grace', 'Rodriguez', 'Finance', '2022-06-14', 78000.00),
(151, 'Owen', 'Williams', 'Marketing', '2020-05-11', 64000.00),
(152, 'Chloe', 'Brown', 'Sales', '2020-06-15', 69000.00),
(153, 'Jackson', 'Davis', 'Engineering', '2021-09-01', 91000.00),
(154, 'Lily', 'Miller', 'HR', '2019-03-30', 63000.00),
(155, 'Sebastian', 'Wilson', 'Finance', '2022-06-19', 79000.00),
(156, 'Harper', 'Garcia', 'Marketing', '2020-08-21', 67000.00),
(157, 'Samuel', 'Rodriguez', 'Sales', '2020-04-01', 71000.00),
(158, 'Ella', 'Williams', 'Engineering', '2021-11-11', 96000.00),
(159, 'Caleb', 'Garcia', 'HR', '2019-04-05', 64000.00),
(160, 'Victoria', 'Martinez', 'Finance', '2022-06-24', 80000.00),
(161, 'Joseph', 'Robinson', 'Marketing', '2020-05-16', 65000.00),
(162, 'Scarlett', 'Clark', 'Sales', '2020-06-20', 70000.00),
(163, 'Henry', 'Lopez', 'Engineering', '2021-09-06', 92000.00),
(164, 'Madison', 'Young', 'HR', '2019-04-10', 65000.00),
(165, 'Isaac', 'Hernandez', 'Finance', '2022-06-29', 81000.00),
(166, 'Penelope', 'King', 'Marketing', '2020-08-26', 68000.00),
(167, 'Wyatt', 'Wright', 'Sales', '2020-04-06', 72000.00),
(168, 'Abigail', 'Scott', 'Engineering', '2021-11-16', 97000.00),
(169, 'Elijah', 'Baker', 'HR', '2019-04-15', 66000.00),
(170, 'Natalie', 'Hall', 'Finance', '2022-07-04', 82000.00),
(171, 'Samuel', 'Green', 'Marketing', '2020-05-21', 66000.00),
(172, 'Audrey', 'Adams', 'Sales', '2020-06-25', 71000.00),
(173, 'Daniel', 'Nelson', 'Engineering', '2021-09-11', 93000.00),
(174, 'Savannah', 'Carter', 'HR', '2019-04-20', 67000.00),
(175, 'Matthew', 'Roberts', 'Finance', '2022-07-09', 83000.00),
(176, 'Skylar', 'Phillips', 'Marketing', '2020-09-01', 69000.00),
(177, 'Joseph', 'Campbell', 'Sales', '2020-04-11', 73000.00),
(178, 'Allison', 'Parker', 'Engineering', '2021-11-21', 98000.00),
(179, 'Gabriel', 'Evans', 'HR', '2019-04-25', 68000.00),
(180, 'Stella', 'Gonzalez', 'Finance', '2022-07-14', 84000.00),
(181, 'Ryan', 'Martinez', 'Marketing', '2020-05-26', 67000.00),
(182, 'Liliana', 'Hernandez', 'Sales', '2020-06-30', 72000.00),
(183, 'Nathan', 'Lopez', 'Engineering', '2021-09-16', 94000.00),
(184, 'Grace', 'Garcia', 'HR', '2019-04-30', 69000.00),
(185, 'Christopher', 'Rodriguez', 'Finance', '2022-07-19', 85000.00),
(186, 'Hazel', 'Williams', 'Marketing', '2020-09-06', 70000.00),
(187, 'Andrew', 'Brown', 'Sales', '2020-04-16', 74000.00),
(188, 'Brooklyn', 'Davis', 'Engineering', '2021-11-26', 99000.00),
(189, 'Joshua', 'Miller', 'HR', '2019-05-05', 70000.00),
(190, 'Eleanor', 'Wilson', 'Finance', '2022-07-24', 86000.00),
(191, 'William', 'Garcia', 'Marketing', '2020-06-01', 68000.00),
(192, 'Anna', 'Rodriguez', 'Sales', '2020-07-05', 73000.00),
(193, 'Matthew', 'Williams', 'Engineering', '2021-09-21', 95000.00),
(194, 'Victoria', 'Garcia', 'HR', '2019-05-10', 71000.00),
(195, 'David', 'Martinez', 'Finance', '2022-07-29', 87000.00),
(196, 'Elizabeth', 'Robinson', 'Marketing', '2020-09-11', 71000.00),
(197, 'Nicholas', 'Clark', 'Sales', '2020-04-21', 75000.00),
(198, 'Layla', 'Lopez', 'Engineering', '2021-12-01', 100000.00),
(199, 'Christopher', 'Young', 'HR', '2019-05-15', 72000.00),
(200, 'Samantha', 'Hernandez', 'Finance', '2022-08-03', 88000.00),
(201, 'Jonathan', 'King', 'Marketing', '2020-06-06', 69000.00),
(202, 'Zoey', 'Wright', 'Sales', '2020-07-10', 74000.00),
(203, 'Alexander', 'Scott', 'Engineering', '2021-09-26', 96000.00),
(204, 'Madison', 'Baker', 'HR', '2019-05-20', 73000.00),
(205, 'Brandon', 'Hall', 'Finance', '2022-08-08', 89000.00),
(206, 'Olivia', 'Green', 'Marketing', '2020-09-16', 72000.00),
(207, 'Jacob', 'Adams', 'Sales', '2020-04-26', 76000.00),
(208, 'Isabella', 'Nelson', 'Engineering', '2021-12-06', 101000.00),
(209, 'Ethan', 'Carter', 'HR', '2019-05-25', 74000.00),
(210, 'Sophia', 'Roberts', 'Finance', '2022-08-13', 90000.00),
(211, 'Michael', 'Phillips', 'Marketing', '2020-06-11', 70000.00),
(212, 'Ava', 'Campbell', 'Sales', '2020-07-15', 75000.00),
(213, 'Daniel', 'Parker', 'Engineering', '2021-10-01', 97000.00),
(214, 'Mia', 'Evans', 'HR', '2019-05-30', 75000.00),
(215, 'Andrew', 'Gonzalez', 'Finance', '2022-08-18', 91000.00),
(216, 'Charlotte', 'Martinez', 'Marketing', '2020-09-21', 73000.00),
(217, 'Joseph', 'Hernandez', 'Sales', '2020-05-01', 77000.00),
(218, 'Amelia', 'Lopez', 'Engineering', '2021-12-11', 102000.00),
(219, 'William', 'Garcia', 'HR', '2019-06-04', 76000.00),
(220, 'Harper', 'Rodriguez', 'Finance', '2022-08-23', 92000.00),
(221, 'James', 'Williams', 'Marketing', '2020-06-16', 71000.00),
(222, 'Evelyn', 'Brown', 'Sales', '2020-07-20', 76000.00),
(223, 'Benjamin', 'Davis', 'Engineering', '2021-10-06', 98000.00),
(224, 'Abigail', 'Miller', 'HR', '2019-06-09', 77000.00),
(225, 'Samuel', 'Wilson', 'Finance', '2022-08-28', 93000.00),
(226, 'Emily', 'Garcia', 'Marketing', '2020-09-26', 74000.00),
(227, 'Henry', 'Rodriguez', 'Sales', '2020-05-06', 78000.00),
(228, 'Elizabeth', 'Williams', 'Engineering', '2021-12-16', 103000.00),
(229, 'Daniel', 'Garcia', 'HR', '2019-06-14', 78000.00),
(230, 'Sofia', 'Martinez', 'Finance', '2022-09-02', 94000.00),
(231, 'Joseph', 'Robinson', 'Marketing', '2020-06-21', 72000.00),
(232, 'Ella', 'Clark', 'Sales', '2020-07-25', 77000.00),
(233, 'Matthew', 'Lopez', 'Engineering', '2021-10-11', 99000.00),
(234, 'Scarlett', 'Young', 'HR', '2019-06-19', 79000.00),
(235, 'Owen', 'Hernandez', 'Finance', '2022-09-07', 95000.00),
(236, 'Grace', 'King', 'Marketing', '2020-10-01', 75000.00),
(237, 'Logan', 'Wright', 'Sales', '2020-05-11', 79000.00),
(238, 'Chloe', 'Scott', 'Engineering', '2021-12-21', 104000.00),
(239, 'Jackson', 'Baker', 'HR', '2019-06-24', 80000.00),
(240, 'Lily', 'Hall', 'Finance', '2022-09-12', 96000.00),
(241, 'Caleb', 'Green', 'Marketing', '2020-06-26', 73000.00),
(242, 'Victoria', 'Adams', 'Sales', '2020-07-30', 78000.00),
(243, 'Isaac', 'Nelson', 'Engineering', '2021-10-16', 100000.00),
(244, 'Penelope', 'Carter', 'HR', '2019-06-29', 81000.00),
(245, 'Wyatt', 'Roberts', 'Finance', '2022-09-17', 97000.00),
(246, 'Riley', 'Phillips', 'Marketing', '2020-10-06', 76000.00),
(247, 'Gabriel', 'Campbell', 'Sales', '2020-05-16', 80000.00),
(248, 'Stella', 'Parker', 'Engineering', '2021-12-26', 105000.00),
(249, 'Nathan', 'Evans', 'HR', '2019-07-04', 82000.00),
(250, 'Hazel', 'Gonzalez', 'Finance', '2022-09-22', 98000.00),
(251, 'Ryan', 'Martinez', 'Marketing', '2020-07-01', 74000.00),
(252, 'Audrey', 'Hernandez', 'Sales', '2020-08-04', 79000.00),
(253, 'Jonathan', 'Lopez', 'Engineering', '2021-10-21', 101000.00),
(254, 'Savannah', 'Garcia', 'HR', '2019-07-09', 83000.00),
(255, 'Nicholas', 'Rodriguez', 'Finance', '2022-09-27', 99000.00),
(256, 'Skylar', 'Williams', 'Marketing', '2020-10-11', 77000.00),
(257, 'Austin', 'Brown', 'Sales', '2020-05-21', 81000.00),
(258, 'Claire', 'Davis', 'Engineering', '2022-01-01', 106000.00),
(259, 'Jordan', 'Miller', 'HR', '2019-07-14', 84000.00),
(260, 'Natalie', 'Wilson', 'Finance', '2022-10-02', 100000.00),
(261, 'Adam', 'Garcia', 'Marketing', '2020-07-06', 75000.00),
(262, 'Lucy', 'Rodriguez', 'Sales', '2020-08-09', 80000.00),
(263, 'Aaron', 'Williams', 'Engineering', '2022-01-06', 102000.00),
(264, 'Sydney', 'Garcia', 'HR', '2019-07-19', 85000.00),
(265, 'Cameron', 'Martinez', 'Finance', '2022-10-07', 101000.00),
(266, 'Kennedy', 'Robinson', 'Marketing', '2020-10-16', 78000.00),
(267, 'Thomas', 'Clark', 'Sales', '2020-05-26', 82000.00),
(268, 'Madeline', 'Lopez', 'Engineering', '2022-01-11', 107000.00),
(269, 'Chase', 'Young', 'HR', '2019-07-24', 86000.00),
(270, 'Addison', 'Hernandez', 'Finance', '2022-10-12', 102000.00),
(271, 'Connor', 'King', 'Marketing', '2020-07-11', 76000.00),
(272, 'Paisley', 'Wright', 'Sales', '2020-08-14', 81000.00),
(273, 'Brandon', 'Scott', 'Engineering', '2022-01-16', 103000.00),
(274, 'Ellie', 'Baker', 'HR', '2019-07-29', 87000.00),
(275, 'Tyler', 'Hall', 'Finance', '2022-10-17', 103000.00),
(276, 'Naomi', 'Green', 'Marketing', '2020-10-21', 79000.00),
(277, 'Dylan', 'Adams', 'Sales', '2020-06-01', 83000.00),
(278, 'Bella', 'Nelson', 'Engineering', '2022-01-21', 108000.00),
(279, 'Ryan', 'Carter', 'HR', '2019-08-03', 88000.00),
(280, 'Kaylee', 'Roberts', 'Finance', '2022-10-22', 104000.00),
(281, 'Kyle', 'Phillips', 'Marketing', '2020-07-16', 77000.00),
(282, 'Sadie', 'Campbell', 'Sales', '2020-08-19', 82000.00),
(283, 'Jake', 'Parker', 'Engineering', '2022-01-26', 104000.00),
(284, 'Lila', 'Evans', 'HR', '2019-08-08', 89000.00),
(285, 'Brandon', 'Gonzalez', 'Finance', '2022-10-27', 105000.00),
(286, 'Claire', 'Martinez', 'Marketing', '2020-10-26', 80000.00),
(287, 'Justin', 'Hernandez', 'Sales', '2020-06-06', 84000.00),
(288, 'Maya', 'Lopez', 'Engineering', '2022-01-31', 109000.00),
(289, 'Tyler', 'Garcia', 'HR', '2019-08-13', 90000.00),
(290, 'Brooke', 'Rodriguez', 'Finance', '2022-11-01', 106000.00),
(291, 'Kevin', 'Williams', 'Marketing', '2020-07-21', 78000.00),
(292, 'Madeline', 'Brown', 'Sales', '2020-08-24', 83000.00),
(293, 'Jose', 'Davis', 'Engineering', '2022-02-05', 105000.00),
(294, 'Allison', 'Miller', 'HR', '2019-08-18', 91000.00),
(295, 'Eric', 'Wilson', 'Finance', '2022-11-06', 107000.00),
(296, 'Brianna', 'Garcia', 'Marketing', '2020-10-31', 81000.00),
(297, 'Adam', 'Rodriguez', 'Sales', '2020-06-11', 85000.00),
(298, 'Paige', 'Williams', 'Engineering', '2022-02-10', 110000.00),
(299, 'Brandon', 'Garcia', 'HR', '2019-08-23', 92000.00),
(300, 'Morgan', 'Martinez', 'Finance', '2022-11-11', 108000.00),
(301, 'Joshua', 'Robinson', 'Marketing', '2020-07-26', 79000.00),
(302, 'Natalie', 'Clark', 'Sales', '2020-08-29', 84000.00),
(303, 'Christian', 'Lopez', 'Engineering', '2022-02-15', 106000.00),
(304, 'Taylor', 'Young', 'HR', '2019-08-28', 93000.00),
(305, 'Ryan', 'Hernandez', 'Finance', '2022-11-16', 109000.00),
(306, 'Kayla', 'King', 'Marketing', '2020-11-05', 82000.00),
(307, 'Alex', 'Wright', 'Sales', '2020-06-16', 86000.00),
(308, 'Lauren', 'Scott', 'Engineering', '2022-02-20', 111000.00),
(309, 'Nicholas', 'Baker', 'HR', '2019-09-02', 94000.00),
(310, 'Megan', 'Hall', 'Finance', '2022-11-21', 110000.00),
(311, 'Tyler', 'Green', 'Marketing', '2020-08-01', 80000.00),
(312, 'Sydney', 'Adams', 'Sales', '2020-09-02', 85000.00),
(313, 'Austin', 'Nelson', 'Engineering', '2022-02-25', 107000.00),
(314, 'Hannah', 'Carter', 'HR', '2019-09-07', 95000.00),
(315, 'Jordan', 'Roberts', 'Finance', '2022-11-26', 111000.00),
(316, 'Madison', 'Phillips', 'Marketing', '2020-11-10', 83000.00),
(317, 'Blake', 'Campbell', 'Sales', '2020-06-21', 87000.00),
(318, 'Mackenzie', 'Parker', 'Engineering', '2022-03-02', 112000.00),
(319, 'Cameron', 'Evans', 'HR', '2019-09-12', 96000.00),
(320, 'Taylor', 'Gonzalez', 'Finance', '2022-12-01', 112000.00),
(321, 'Riley', 'Martinez', 'Marketing', '2020-08-06', 81000.00),
(322, 'Jasmine', 'Hernandez', 'Sales', '2020-09-07', 86000.00),
(323, 'Hunter', 'Lopez', 'Engineering', '2022-03-07', 108000.00),
(324, 'Avery', 'Garcia', 'HR', '2019-09-17', 97000.00),
(325, 'Jamie', 'Rodriguez', 'Finance', '2022-12-06', 113000.00),
(326, 'Morgan', 'Williams', 'Marketing', '2020-11-15', 84000.00),
(327, 'Jordan', 'Brown', 'Sales', '2020-06-26', 88000.00),
(328, 'Casey', 'Davis', 'Engineering', '2022-03-12', 113000.00),
(329, 'Riley', 'Miller', 'HR', '2019-09-22', 98000.00),
(330, 'Alex', 'Wilson', 'Finance', '2022-12-11', 114000.00),
(331, 'Dakota', 'Garcia', 'Marketing', '2020-08-11', 82000.00),
(332, 'Rowan', 'Rodriguez', 'Sales', '2020-09-12', 87000.00),
(333, 'Skylar', 'Williams', 'Engineering', '2022-03-17', 109000.00),
(334, 'Peyton', 'Garcia', 'HR', '2019-09-27', 99000.00),
(335, 'Reese', 'Martinez', 'Finance', '2022-12-16', 115000.00),
(336, 'Quinn', 'Robinson', 'Marketing', '2020-11-20', 85000.00),
(337, 'Ariel', 'Clark', 'Sales', '2020-07-01', 89000.00),
(338, 'River', 'Lopez', 'Engineering', '2022-03-22', 114000.00),
(339, 'Charlie', 'Young', 'HR', '2019-10-02', 100000.00),
(340, 'Dakota', 'Hernandez', 'Finance', '2022-12-21', 116000.00),
(341, 'Indigo', 'King', 'Marketing', '2020-08-16', 83000.00),
(342, 'Sage', 'Wright', 'Sales', '2020-09-17', 88000.00),
(343, 'Phoenix', 'Scott', 'Engineering', '2022-03-27', 110000.00),
(344, 'Juniper', 'Baker', 'HR', '2019-10-07', 101000.00),
(345, 'Jasper', 'Hall', 'Finance', '2022-12-26', 117000.00),
(346, 'Willow', 'Green', 'Marketing', '2020-11-25', 86000.00),
(347, 'Rowan', 'Adams', 'Sales', '2020-07-06', 90000.00),
(348, 'Ash', 'Nelson', 'Engineering', '2022-04-03', 115000.00),
(349, 'Skylar', 'Carter', 'HR', '2019-10-12', 102000.00),
(350, 'River', 'Roberts', 'Finance', '2023-01-01', 118000.00),
(351, 'Avery', 'Phillips', 'Marketing', '2020-09-01', 84000.00),
(352, 'Charlie', 'Campbell', 'Sales', '2020-10-01', 89000.00),
(353, 'Dakota', 'Parker', 'Engineering', '2022-04-08', 111000.00),
(354, 'Indigo', 'Evans', 'HR', '2019-10-17', 103000.00),
(355, 'Sage', 'Gonzalez', 'Finance', '2023-01-06', 119000.00),
(356, 'Phoenix', 'Martinez', 'Marketing', '2020-11-05', 87000.00),
(357, 'Juniper', 'Hernandez', 'Sales', '2020-07-11', 91000.00),
(358, 'Jasper', 'Lopez', 'Engineering', '2022-04-13', 116000.00),
(359, 'Willow', 'Garcia', 'HR', '2019-10-22', 104000.00),
(360, 'Rowan', 'Rodriguez', 'Finance', '2023-01-11', 120000.00),
(361, 'Ash', 'Williams', 'Marketing', '2020-09-06', 85000.00),
(362, 'Skylar', 'Brown', 'Sales', '2020-10-06', 90000.00),
(363, 'River', 'Davis', 'Engineering', '2022-04-18', 112000.00),
(364, 'Avery', 'Miller', 'HR', '2019-10-27', 105000.00),
(365, 'Charlie', 'Wilson', 'Finance', '2023-01-16', 121000.00),
(366, 'Dakota', 'Garcia', 'Marketing', '2020-11-10', 88000.00),
(367, 'Indigo', 'Rodriguez', 'Sales', '2020-07-16', 92000.00),
(368, 'Sage', 'Williams', 'Engineering', '2022-04-23', 117000.00),
(369, 'Phoenix', 'Garcia', 'HR', '2019-11-01', 106000.00),
(370, 'Juniper', 'Martinez', 'Finance', '2023-01-21', 122000.00),
(371, 'Jasper', 'Robinson', 'Marketing', '2020-09-11', 86000.00),
(372, 'Willow', 'Clark', 'Sales', '2020-10-11', 91000.00),
(373, 'Rowan', 'Lopez', 'Engineering', '2022-04-28', 113000.00),
(374, 'Ash', 'Young', 'HR', '2019-11-06', 107000.00),
(375, 'Skylar', 'Hernandez', 'Finance', '2023-01-26', 123000.00),
(376, 'River', 'King', 'Marketing', '2020-11-15', 89000.00),
(377, 'Avery', 'Wright', 'Sales', '2020-07-21', 93000.00),
(378, 'Charlie', 'Scott', 'Engineering', '2022-05-04', 118000.00),
(379, 'Dakota', 'Baker', 'HR', '2019-11-11', 108000.00),
(380, 'Indigo', 'Hall', 'Finance', '2023-01-31', 124000.00),
(381, 'Sage', 'Green', 'Marketing', '2020-09-16', 87000.00),
(382, 'Phoenix', 'Adams', 'Sales', '2020-10-16', 92000.00),
(383, 'Juniper', 'Nelson', 'Engineering', '2022-05-09', 114000.00),
(384, 'Jasper', 'Carter', 'HR', '2019-11-16', 109000.00),
(385, 'Willow', 'Roberts', 'Finance', '2023-02-05', 125000.00),
(386, 'Rowan', 'Phillips', 'Marketing', '2020-11-20', 90000.00),
(387, 'Ash', 'Campbell', 'Sales', '2020-07-26', 94000.00),
(388, 'Skylar', 'Parker', 'Engineering', '2022-05-14', 119000.00),
(389, 'River', 'Evans', 'HR', '2019-11-21', 110000.00),
(390, 'Avery', 'Gonzalez', 'Finance', '2023-02-10', 126000.00),
(391, 'Charlie', 'Martinez', 'Marketing', '2020-09-21', 88000.00),
(392, 'Dakota', 'Hernandez', 'Sales', '2020-10-21', 93000.00),
(393, 'Indigo', 'Lopez', 'Engineering', '2022-05-19', 115000.00),
(394, 'Sage', 'Garcia', 'HR', '2019-11-26', 111000.00),
(395, 'Phoenix', 'Rodriguez', 'Finance', '2023-02-15', 127000.00),
(396, 'Juniper', 'Williams', 'Marketing', '2020-11-25', 91000.00),
(397, 'Jasper', 'Brown', 'Sales', '2020-08-01', 95000.00),
(398, 'Willow', 'Davis', 'Engineering', '2022-05-24', 120000.00),
(399, 'Rowan', 'Miller', 'HR', '2019-12-01', 112000.00),
(400, 'Ash', 'Wilson', 'Finance', '2023-02-20', 128000.00),
(401, 'Skylar', 'Garcia', 'Marketing', '2020-09-26', 89000.00),
(402, 'River', 'Rodriguez', 'Sales', '2020-10-26', 94000.00),
(403, 'Avery', 'Williams', 'Engineering', '2022-05-29', 116000.00),
(404, 'Charlie', 'Garcia', 'HR', '2019-12-06', 113000.00),
(405, 'Dakota', 'Martinez', 'Finance', '2023-02-25', 129000.00),
(406, 'Indigo', 'Robinson', 'Marketing', '2020-11-30', 92000.00),
(407, 'Sage', 'Clark', 'Sales', '2020-08-06', 96000.00),
(408, 'Phoenix', 'Lopez', 'Engineering', '2022-06-03', 121000.00),
(409, 'Juniper', 'Young', 'HR', '2019-12-11', 114000.00),
(410, 'Jasper', 'Hernandez', 'Finance', '2023-03-02', 130000.00),
(411, 'Willow', 'King', 'Marketing', '2020-10-01', 90000.00),
(412, 'Rowan', 'Wright', 'Sales', '2020-11-01', 95000.00),
(413, 'Ash', 'Scott', 'Engineering', '2022-06-08', 117000.00),
(414, 'Skylar', 'Baker', 'HR', '2019-12-16', 115000.00),
(415, 'River', 'Hall', 'Finance', '2023-03-07', 131000.00),
(416, 'Avery', 'Green', 'Marketing', '2020-10-06', 93000.00),
(417, 'Charlie', 'Adams', 'Sales', '2020-11-06', 97000.00),
(418, 'Dakota', 'Nelson', 'Engineering', '2022-06-13', 122000.00),
(419, 'Indigo', 'Carter', 'HR', '2019-12-21', 116000.00),
(420, 'Sage', 'Roberts', 'Finance', '2023-03-12', 132000.00),
(421, 'Phoenix', 'Phillips', 'Marketing', '2020-10-11', 91000.00),
(422, 'Juniper', 'Campbell', 'Sales', '2020-11-11', 96000.00),
(423, 'Jasper', 'Parker', 'Engineering', '2022-06-18', 118000.00),
(424, 'Willow', 'Evans', 'HR', '2019-12-26', 117000.00),
(425, 'Rowan', 'Gonzalez', 'Finance', '2023-03-17', 133000.00),
(426, 'Ash', 'Martinez', 'Marketing', '2020-10-16', 94000.00),
(427, 'Skylar', 'Hernandez', 'Sales', '2020-11-16', 98000.00),
(428, 'River', 'Lopez', 'Engineering', '2022-06-23', 123000.00),
(429, 'Avery', 'Garcia', 'HR', '2020-01-01', 118000.00),
(430, 'Charlie', 'Rodriguez', 'Finance', '2023-03-22', 134000.00),
(431, 'Dakota', 'Williams', 'Marketing', '2020-10-21', 92000.00),
(432, 'Indigo', 'Brown', 'Sales', '2020-11-21', 97000.00),
(433, 'Sage', 'Davis', 'Engineering', '2022-06-28', 119000.00),
(434, 'Phoenix', 'Miller', 'HR', '2020-01-06', 119000.00),
(435, 'Juniper', 'Wilson', 'Finance', '2023-03-27', 135000.00),
(436, 'Jasper', 'Garcia', 'Marketing', '2020-10-26', 95000.00),
(437, 'Willow', 'Rodriguez', 'Sales', '2020-11-26', 99000.00),
(438, 'Rowan', 'Williams', 'Engineering', '2022-07-03', 124000.00),
(439, 'Ash', 'Garcia', 'HR', '2020-01-11', 120000.00),
(440, 'Skylar', 'Martinez', 'Finance', '2023-04-03', 136000.00),
(441, 'River', 'Robinson', 'Marketing', '2020-10-31', 93000.00),
(442, 'Avery', 'Clark', 'Sales', '2020-12-01', 98000.00),
(443, 'Charlie', 'Lopez', 'Engineering', '2022-07-08', 120000.00),
(444, 'Dakota', 'Young', 'HR', '2020-01-16', 121000.00),
(445, 'Indigo', 'Hernandez', 'Finance', '2023-04-08', 137000.00),
(446, 'Sage', 'King', 'Marketing', '2020-11-05', 96000.00),
(447, 'Phoenix', 'Wright', 'Sales', '2020-12-06', 100000.00),
(448, 'Juniper', 'Scott', 'Engineering', '2022-07-13', 125000.00),
(449, 'Jasper', 'Baker', 'HR', '2020-01-21', 122000.00),
(450, 'Willow', 'Hall', 'Finance', '2023-04-13', 138000.00),
(451, 'Rowan', 'Green', 'Marketing', '2020-11-10', 94000.00),
(452, 'Ash', 'Adams', 'Sales', '2020-12-11', 99000.00),
(453, 'Skylar', 'Nelson', 'Engineering', '2022-07-18', 121000.00),
(454, 'River', 'Carter', 'HR', '2020-01-26', 123000.00),
(455, 'Avery', 'Roberts', 'Finance', '2023-04-18', 139000.00),
(456, 'Charlie', 'Phillips', 'Marketing', '2020-11-15', 97000.00),
(457, 'Dakota', 'Campbell', 'Sales', '2020-12-16', 101000.00),
(458, 'Indigo', 'Parker', 'Engineering', '2022-07-23', 126000.00),
(459, 'Sage', 'Evans', 'HR', '2020-01-31', 124000.00),
(460, 'Phoenix', 'Gonzalez', 'Finance', '2023-04-23', 140000.00),
(461, 'Juniper', 'Martinez', 'Marketing', '2020-11-20', 95000.00),
(462, 'Jasper', 'Hernandez', 'Sales', '2020-12-21', 100000.00),
(463, 'Willow', 'Lopez', 'Engineering', '2022-07-28', 122000.00),
(464, 'Rowan', 'Garcia', 'HR', '2020-02-05', 125000.00),
(465, 'Ash', 'Rodriguez', 'Finance', '2023-04-28', 141000.00),
(466, 'Skylar', 'Williams', 'Marketing', '2020-11-25', 98000.00),
(467, 'River', 'Brown', 'Sales', '2020-12-26', 102000.00),
(468, 'Avery', 'Davis', 'Engineering', '2022-08-02', 127000.00),
(469, 'Charlie', 'Miller', 'HR', '2020-02-10', 126000.00),
(470, 'Dakota', 'Wilson', 'Finance', '2023-05-03', 142000.00),
(471, 'Indigo', 'Garcia', 'Marketing', '2020-11-30', 96000.00),
(472, 'Sage', 'Rodriguez', 'Sales', '2021-01-01', 101000.00),
(473, 'Phoenix', 'Williams', 'Engineering', '2022-08-07', 123000.00),
(474, 'Juniper', 'Garcia', 'HR', '2020-02-15', 127000.00),
(475, 'Jasper', 'Martinez', 'Finance', '2023-05-08', 143000.00),
(476, 'Willow', 'Robinson', 'Marketing', '2020-12-05', 99000.00),
(477, 'Rowan', 'Clark', 'Sales', '2021-01-06', 103000.00),
(478, 'Ash', 'Lopez', 'Engineering', '2022-08-12', 128000.00),
(479, 'Skylar', 'Young', 'HR', '2020-02-20', 128000.00),
(480, 'River', 'Hernandez', 'Finance', '2023-05-13', 144000.00),
(481, 'Avery', 'King', 'Marketing', '2020-12-10', 97000.00),
(482, 'Charlie', 'Wright', 'Sales', '2021-01-11', 102000.00),
(483, 'Dakota', 'Scott', 'Engineering', '2022-08-17', 124000.00),
(484, 'Indigo', 'Baker', 'HR', '2020-02-25', 129000.00),
(485, 'Sage', 'Hall', 'Finance', '2023-05-18', 145000.00),
(486, 'Phoenix', 'Green', 'Marketing', '2020-12-15', 158000.00),
(487, 'Juniper', 'Adams', 'Sales', '2021-01-16', 104000.00),
(488, 'Jasper', 'Nelson', 'Engineering', '2022-08-22', 129000.00),
(489, 'Willow', 'Carter', 'HR', '2020-03-01', 130000.00),
(490, 'Rowan', 'Roberts', 'Finance', '2023-05-23', 146000.00),
(491, 'Ash', 'Phillips', 'Marketing', '2020-12-20', 98000.00),
(492, 'Skylar', 'Campbell', 'Sales', '2021-01-21', 103000.00),
(493, 'River', 'Parker', 'Engineering', '2022-08-27', 125000.00),
(494, 'Avery', 'Evans', 'HR', '2020-03-06', 131000.00),
(495, 'Charlie', 'Gonzalez', 'Finance', '2023-05-28', 147000.00),
(496, 'Dakota', 'Martinez', 'Marketing', '2020-12-25', 101000.00),
(497, 'Indigo', 'Hernandez', 'Sales', '2021-01-26', 105000.00),
(498, 'Sage', 'Lopez', 'Engineering', '2022-09-01', 130000.00),
(499, 'Phoenix', 'Garcia', 'HR', '2020-03-11', 132000.00),
(500, 'Juniper', 'Rodriguez', 'Finance', '2023-06-02', 148000.00);

INSERT INTO orders (order_id, customer_id, order_date, status, total_amount, shipping_address) VALUES
(1, 1, '2023-01-01', 'Shipped', 125.50, '123 Main St, Anytown, CA 12345'),
(2, 2, '2023-01-02', 'Delivered', 200.00, '456 Oak Ave, Somecity, NY 67890'),
(3, 3, '2023-01-03', 'Pending', 75.00, '789 Pine Ln, Othertown, TX 24680'),
(4, 4, '2023-01-04', 'Processing', 150.00, '234 Elm St, Anycity, IL 13579'),
(5, 5, '2023-01-05', 'Shipped', 300.00, '567 Cedar Rd, Anytown, CA 98765'),
(6, 6, '2023-01-06', 'Delivered', 100.00, '890 Main St, Somecity, NY 54321'),
(7, 7, '2023-01-07', 'Pending', 50.00, '123 Oak Ave, Othertown, TX 98765'),
(8, 8, '2023-01-08', 'Processing', 250.00, '456 Pine Ln, Anycity, IL 24680'),
(9, 9, '2023-01-09', 'Shipped', 175.00, '789 Elm St, Anytown, CA 13579'),
(10, 10, '2023-01-10', 'Delivered', 225.00, '234 Cedar Rd, Somecity, NY 67890'),
(11, 11, '2023-01-11', 'Pending', 90.00, '567 Main St, Othertown, TX 24680'),
(12, 12, '2023-01-12', 'Processing', 180.00, '890 Oak Ave, Anycity, IL 13579'),
(13, 13, '2023-01-13', 'Shipped', 275.00, '123 Pine Ln, Anytown, CA 98765'),
(14, 14, '2023-01-14', 'Delivered', 110.00, '456 Elm St, Somecity, NY 54321'),
(15, 15, '2023-01-15', 'Pending', 60.00, '789 Cedar Rd, Othertown, TX 98765'),
(16, 16, '2023-01-16', 'Processing', 240.00, '234 Main St, Anycity, IL 24680'),
(17, 17, '2023-01-17', 'Shipped', 165.00, '567 Oak Ave, Anytown, CA 13579'),
(18, 18, '2023-01-18', 'Delivered', 215.00, '890 Pine Ln, Somecity, NY 67890'),
(19, 19, '2023-01-19', 'Pending', 85.00, '123 Elm St, Othertown, TX 24680'),
(20, 20, '2023-01-20', 'Processing', 190.00, '456 Cedar Rd, Anycity, IL 13579'),
(21, 21, '2023-01-21', 'Shipped', 290.00, '789 Main St, Anytown, CA 98765'),
(22, 22, '2023-01-22', 'Delivered', 120.00, '234 Oak Ave, Somecity, NY 54321'),
(23, 23, '2023-01-23', 'Pending', 70.00, '567 Pine Ln, Othertown, TX 98765'),
(24, 24, '2023-01-24', 'Processing', 230.00, '890 Elm St, Anycity, IL 24680'),
(25, 25, '2023-01-25', 'Shipped', 185.00, '123 Cedar Rd, Anytown, CA 13579'),
(26, 26, '2023-01-26', 'Delivered', 235.00, '456 Main St, Somecity, NY 67890'),
(27, 27, '2023-01-27', 'Pending', 95.00, '789 Oak Ave, Othertown, TX 24680'),
(28, 28, '2023-01-28', 'Processing', 170.00, '234 Pine Ln, Anycity, IL 13579'),
(29, 29, '2023-01-29', 'Shipped', 265.00, '567 Elm St, Anytown, CA 98765'),
(30, 30, '2023-01-30', 'Delivered', 130.00, '890 Cedar Rd, Somecity, NY 54321'),
(31, 31, '2023-01-31', 'Pending', 80.00, '123 Main St, Anytown, CA 12345'),
(32, 32, '2023-02-01', 'Processing', 200.00, '456 Oak Ave, Somecity, NY 67890'),
(33, 33, '2023-02-02', 'Shipped', 195.00, '789 Pine Ln, Othertown, TX 24680'),
(34, 34, '2023-02-03', 'Delivered', 245.00, '234 Elm St, Anycity, IL 13579'),
(35, 35, '2023-02-04', 'Pending', 105.00, '567 Cedar Rd, Anytown, CA 98765'),
(36, 36, '2023-02-05', 'Processing', 160.00, '890 Main St, Somecity, NY 54321'),
(37, 37, '2023-02-06', 'Shipped', 255.00, '123 Oak Ave, Othertown, TX 98765'),
(38, 38, '2023-02-07', 'Delivered', 140.00, '456 Pine Ln, Anycity, IL 24680'),
(39, 39, '2023-02-08', 'Pending', 90.00, '789 Elm St, Anytown, CA 13579'),
(40, 40, '2023-02-09', 'Processing', 220.00, '234 Cedar Rd, Somecity, NY 67890'),
(41, 41, '2023-02-10', 'Shipped', 285.00, '567 Main St, Othertown, TX 24680'),
(42, 42, '2023-02-11', 'Delivered', 115.00, '890 Oak Ave, Anycity, IL 13579'),
(43, 43, '2023-02-12', 'Pending', 65.00, '123 Pine Ln, Anytown, CA 98765'),
(44, 44, '2023-02-13', 'Processing', 230.00, '456 Elm St, Somecity, NY 54321'),
(45, 45, '2023-02-14', 'Shipped', 175.00, '789 Cedar Rd, Othertown, TX 98765'),
(46, 46, '2023-02-15', 'Delivered', 225.00, '234 Main St, Anycity, IL 24680'),
(47, 47, '2023-02-16', 'Pending', 85.00, '567 Oak Ave, Anytown, CA 13579'),
(48, 48, '2023-02-17', 'Processing', 190.00, '890 Pine Ln, Somecity, NY 67890'),
(49, 49, '2023-02-18', 'Shipped', 270.00, '123 Elm St, Othertown, TX 24680'),
(50, 50, '2023-02-19', 'Delivered', 125.00, '456 Cedar Rd, Anycity, IL 13579'),
(51, 51, '2023-02-20', 'Pending', 75.00, '789 Main St, Anytown, CA 98765'),
(52, 52, '2023-02-21', 'Processing', 205.00, '234 Oak Ave, Somecity, NY 54321'),
(53, 53, '2023-02-22', 'Shipped', 200.00, '567 Pine Ln, Othertown, TX 98765'),
(54, 54, '2023-02-23', 'Delivered', 250.00, '890 Elm St, Anycity, IL 24680'),
(55, 55, '2023-02-24', 'Pending', 110.00, '123 Cedar Rd, Anytown, CA 13579'),
(56, 56, '2023-02-25', 'Processing', 155.00, '456 Main St, Somecity, NY 67890'),
(57, 57, '2023-02-26', 'Shipped', 260.00, '789 Oak Ave, Othertown, TX 98765'),
(58, 58, '2023-02-27', 'Delivered', 135.00, '234 Pine Ln, Anycity, IL 13579'),
(59, 59, '2023-02-28', 'Pending', 85.00, '567 Elm St, Anytown, CA 98765'),
(60, 60, '2023-03-01', 'Processing', 215.00, '890 Cedar Rd, Somecity, NY 54321'),
(61, 61, '2023-03-02', 'Shipped', 290.00, '123 Main St, Anytown, CA 12345'),
(62, 62, '2023-03-03', 'Delivered', 120.00, '456 Oak Ave, Somecity, NY 67890'),
(63, 63, '2023-03-04', 'Pending', 70.00, '789 Pine Ln, Othertown, TX 24680'),
(64, 64, '2023-03-05', 'Processing', 230.00, '234 Elm St, Anycity, IL 13579'),
(65, 65, '2023-03-06', 'Shipped', 185.00, '567 Cedar Rd, Anytown, CA 98765'),
(66, 66, '2023-03-07', 'Delivered', 235.00, '890 Main St, Somecity, NY 54321'),
(67, 67, '2023-03-08', 'Pending', 95.00, '123 Oak Ave, Othertown, TX 98765'),
(68, 68, '2023-03-09', 'Processing', 170.00, '456 Pine Ln, Anycity, IL 24680'),
(69, 69, '2023-03-10', 'Shipped', 265.00, '789 Elm St, Anytown, CA 13579'),
(70, 70, '2023-03-11', 'Delivered', 130.00, '234 Cedar Rd, Somecity, NY 67890'),
(71, 71, '2023-03-12', 'Pending', 80.00, '567 Main St, Othertown, TX 24680'),
(72, 72, '2023-03-13', 'Processing', 200.00, '890 Oak Ave, Anycity, IL 13579'),
(73, 73, '2023-03-14', 'Shipped', 195.00, '123 Pine Ln, Anytown, CA 98765'),
(74, 74, '2023-03-15', 'Delivered', 245.00, '456 Elm St, Somecity, NY 54321'),
(75, 75, '2023-03-16', 'Pending', 105.00, '567 Cedar Rd, Anytown, CA 98765'),
(76, 76, '2023-03-17', 'Processing', 160.00, '890 Main St, Somecity, NY 54321'),
(77, 77, '2023-03-18', 'Shipped', 255.00, '123 Oak Ave, Othertown, TX 98765'),
(78, 78, '2023-03-19', 'Delivered', 140.00, '456 Pine Ln, Anycity, IL 24680'),
(79, 79, '2023-03-20', 'Pending', 90.00, '789 Elm St, Anytown, CA 13579'),
(80, 80, '2023-03-21', 'Processing', 220.00, '234 Cedar Rd, Somecity, NY 67890'),
(81, 81, '2023-03-22', 'Shipped', 285.00, '567 Main St, Othertown, TX 24680'),
(82, 82, '2023-03-23', 'Delivered', 115.00, '890 Oak Ave, Anycity, IL 13579'),
(83, 83, '2023-03-24', 'Pending', 65.00, '123 Pine Ln, Anytown, CA 98765'),
(84, 84, '2023-03-25', 'Processing', 230.00, '456 Elm St, Somecity, NY 54321'),
(85, 85, '2023-03-26', 'Shipped', 175.00, '789 Cedar Rd, Othertown, TX 98765'),
(86, 86, '2023-03-27', 'Delivered', 225.00, '234 Main St, Anycity, IL 24680'),
(87, 87, '2023-03-28', 'Pending', 85.00, '567 Oak Ave, Anytown, CA 13579'),
(88, 88, '2023-03-29', 'Processing', 190.00, '890 Pine Ln, Somecity, NY 67890'),
(89, 89, '2023-03-30', 'Shipped', 270.00, '123 Elm St, Othertown, TX 24680'),
(90, 90, '2023-03-31', 'Delivered', 125.00, '456 Cedar Rd, Anycity, IL 13579'),
(91, 91, '2023-04-01', 'Pending', 75.00, '789 Main St, Anytown, CA 98765'),
(92, 92, '2023-04-02', 'Processing', 205.00, '234 Oak Ave, Somecity, NY 54321'),
(93, 93, '2023-04-03', 'Shipped', 200.00, '567 Pine Ln, Othertown, TX 98765'),
(94, 94, '2023-04-04', 'Delivered', 250.00, '890 Elm St, Anycity, IL 24680'),
(95, 95, '2023-04-05', 'Pending', 110.00, '123 Cedar Rd, Anytown, CA 13579'),
(96, 96, '2023-04-06', 'Processing', 155.00, '456 Main St, Somecity, NY 67890'),
(97, 97, '2023-04-07', 'Shipped', 260.00, '789 Oak Ave, Othertown, TX 98765'),
(98, 98, '2023-04-08', 'Delivered', 135.00, '234 Pine Ln, Anycity, IL 13579'),
(99, 99, '2023-04-09', 'Pending', 85.00, '567 Elm St, Anytown, CA 98765'),
(100, 100, '2023-04-10', 'Processing', 215.00, '890 Cedar Rd, Somecity, NY 54321'),
(101, 101, '2023-04-11', 'Shipped', 290.00, '123 Main St, Anytown, CA 12345'),
(102, 102, '2023-04-12', 'Delivered', 120.00, '456 Oak Ave, Somecity, NY 67890'),
(103, 103, '2023-04-13', 'Pending', 70.00, '789 Pine Ln, Othertown, TX 24680'),
(104, 104, '2023-04-14', 'Processing', 230.00, '234 Elm St, Anycity, IL 13579'),
(105, 105, '2023-04-15', 'Shipped', 185.00, '567 Cedar Rd, Anytown, CA 98765'),
(106, 106, '2023-04-16', 'Delivered', 235.00, '890 Main St, Somecity, NY 54321'),
(107, 107, '2023-04-17', 'Pending', 95.00, '123 Oak Ave, Othertown, TX 98765'),
(108, 108, '2023-04-18', 'Processing', 170.00, '456 Pine Ln, Anycity, IL 24680'),
(109, 109, '2023-04-19', 'Shipped', 265.00, '789 Elm St, Anytown, CA 13579'),
(110, 110, '2023-04-20', 'Delivered', 130.00, '234 Cedar Rd, Somecity, NY 67890'),
(111, 111, '2023-04-21', 'Pending', 80.00, '567 Main St, Othertown, TX 24680'),
(112, 112, '2023-04-22', 'Processing', 200.00, '890 Oak Ave, Anycity, IL 13579'),
(113, 113, '2023-04-23', 'Shipped', 195.00, '123 Pine Ln, Anytown, CA 98765'),
(114, 114, '2023-04-24', 'Delivered', 245.00, '456 Elm St, Somecity, NY 54321'),
(115, 115, '2023-04-25', 'Pending', 105.00, '567 Cedar Rd, Anytown, CA 98765'),
(116, 116, '2023-04-26', 'Processing', 160.00, '890 Main St, Somecity, NY 54321'),
(117, 117, '2023-04-27', 'Shipped', 255.00, '123 Oak Ave, Othertown, TX 98765'),
(118, 118, '2023-04-28', 'Delivered', 140.00, '456 Pine Ln, Anycity, IL 24680'),
(119, 119, '2023-04-29', 'Pending', 90.00, '789 Elm St,Anytown, CA 13579'),
(120, 120, '2023-04-30', 'Processing', 220.00, '234 Cedar Rd, Somecity, NY 67890'),
(121, 121, '2023-05-01', 'Shipped', 285.00, '567 Main St, Othertown, TX 24680'),
(122, 122, '2023-05-02', 'Delivered', 115.00, '890 Oak Ave, Anycity, IL 13579'),
(123, 123, '2023-05-03', 'Pending', 65.00, '123 Pine Ln, Anytown, CA 98765'),
(124, 124, '2023-05-04', 'Processing', 230.00, '456 Elm St, Somecity, NY 54321'),
(125, 125, '2023-05-05', 'Shipped', 175.00, '789 Cedar Rd, Othertown, TX 98765'),
(126, 126, '2023-05-06', 'Delivered', 225.00, '234 Main St, Anycity, IL 24680'),
(127, 127, '2023-05-07', 'Pending', 85.00, '567 Oak Ave, Anytown, CA 13579'),
(128, 128, '2023-05-08', 'Processing', 190.00, '890 Pine Ln, Somecity, NY 67890'),
(129, 129, '2023-05-09', 'Shipped', 270.00, '123 Elm St, Othertown, TX 24680'),
(130, 130, '2023-05-10', 'Delivered', 125.00, '456 Cedar Rd, Anycity, IL 13579'),
(131, 131, '2023-05-11', 'Pending', 75.00, '789 Main St, Anytown, CA 98765'),
(132, 132, '2023-05-12', 'Processing', 205.00, '234 Oak Ave, Somecity, NY 54321'),
(133, 133, '2023-05-13', 'Shipped', 200.00, '567 Pine Ln, Othertown, TX 98765'),
(134, 134, '2023-05-14', 'Delivered', 250.00, '890 Elm St, Anycity, IL 24680'),
(135, 135, '2023-05-15', 'Pending', 110.00, '123 Cedar Rd, Anytown, CA 13579'),
(136, 136, '2023-05-16', 'Processing', 155.00, '456 Main St, Somecity, NY 67890'),
(137, 137, '2023-05-17', 'Shipped', 260.00, '789 Oak Ave, Othertown, TX 98765'),
(138, 138, '2023-05-18', 'Delivered', 135.00, '234 Pine Ln, Anycity, IL 13579'),
(139, 139, '2023-05-19', 'Pending', 85.00, '567 Elm St, Anytown, CA 98765'),
(140, 140, '2023-05-20', 'Processing', 215.00, '890 Cedar Rd, Somecity, NY 54321'),
(141, 141, '2023-05-21', 'Shipped', 290.00, '123 Main St, Anytown, CA 12345'),
(142, 142, '2023-05-22', 'Delivered', 120.00, '456 Oak Ave, Somecity, NY 67890'),
(143, 143, '2023-05-23', 'Pending', 70.00, '789 Pine Ln, Othertown, TX 24680'),
(144, 144, '2023-05-24', 'Processing', 230.00, '234 Elm St, Anycity, IL 13579'),
(145, 145, '2023-05-25', 'Shipped', 185.00, '567 Cedar Rd, Anytown, CA 98765'),
(146, 146, '2023-05-26', 'Delivered', 235.00, '890 Main St, Somecity, NY 54321'),
(147, 147, '2023-05-27', 'Pending', 95.00, '123 Oak Ave, Othertown, TX 98765'),
(148, 148, '2023-05-28', 'Processing', 170.00, '456 Pine Ln, Anycity, IL 24680'),
(149, 149, '2023-05-29', 'Shipped', 265.00, '789 Elm St, Anytown, CA 13579'),
(150, 150, '2023-05-30', 'Delivered', 130.00, '234 Cedar Rd, Somecity, NY 67890'),
(151, 151, '2023-05-31', 'Pending', 80.00, '567 Main St, Othertown, TX 24680'),
(152, 152, '2023-06-01', 'Processing', 200.00, '890 Oak Ave, Anycity, IL 13579'),
(153, 153, '2023-06-02', 'Shipped', 195.00, '123 Pine Ln, Anytown, CA 98765'),
(154, 154, '2023-06-03', 'Delivered', 245.00, '456 Elm St, Somecity, NY 54321'),
(155, 155, '2023-06-04', 'Pending', 105.00, '567 Cedar Rd, Anytown, CA 98765'),
(156, 156, '2023-06-05', 'Processing', 160.00, '890 Main St, Somecity, NY 54321'),
(157, 157, '2023-06-06', 'Shipped', 255.00, '123 Oak Ave, Othertown, TX 98765'),
(158, 158, '2023-06-07', 'Delivered', 140.00, '456 Pine Ln, Anycity, IL 24680'),
(159, 159, '2023-06-08', 'Pending', 90.00, '789 Elm St, Anytown, CA 13579'),
(160, 160, '2023-06-09', 'Processing', 220.00, '234 Cedar Rd, Somecity, NY 67890'),
(161, 161, '2023-06-10', 'Shipped', 285.00, '567 Main St, Othertown, TX 24680'),
(162, 162, '2023-06-11', 'Delivered', 115.00, '890 Oak Ave, Anycity, IL 13579'),
(163, 163, '2023-06-12', 'Pending', 65.00, '123 Pine Ln, Anytown, CA 98765'),
(164, 164, '2023-06-13', 'Processing', 230.00, '456 Elm St, Somecity, NY 54321'),
(165, 165, '2023-06-14', 'Shipped', 175.00, '789 Cedar Rd, Othertown, TX 98765'),
(166, 166, '2023-06-15', 'Delivered', 225.00, '234 Main St, Anycity, IL 24680'),
(167, 167, '2023-06-16', 'Pending', 85.00, '567 Oak Ave, Anytown, CA 13579'),
(168, 168, '2023-06-17', 'Processing', 190.00, '890 Pine Ln, Somecity, NY 67890'),
(169, 169, '2023-06-18', 'Shipped', 270.00, '123 Elm St, Othertown, TX 24680'),
(170, 170, '2023-06-19', 'Delivered', 125.00, '456 Cedar Rd, Anycity, IL 13579'),
(171, 171, '2023-06-20', 'Pending', 75.00, '789 Main St, Anytown, CA 98765'),
(172, 172, '2023-06-21', 'Processing', 205.00, '234 Oak Ave, Somecity, NY 54321'),
(173, 173, '2023-06-22', 'Shipped', 200.00, '567 Pine Ln, Othertown, TX 98765'),
(174, 174, '2023-06-23', 'Delivered', 250.00, '890 Elm St, Anycity, IL 24680'),
(175, 175, '2023-06-24', 'Pending', 110.00, '123 Cedar Rd, Anytown, CA 13579'),
(176, 176, '2023-06-25', 'Processing', 155.00, '456 Main St, Somecity, NY 67890'),
(177, 177, '2023-06-26', 'Shipped', 260.00, '789 Oak Ave, Othertown, TX 98765'),
(178, 178, '2023-06-27', 'Delivered', 135.00, '234 Pine Ln, Anycity, IL 13579'),
(179, 179, '2023-06-28', 'Pending', 85.00, '567 Elm St, Anytown, CA 98765'),
(180, 180, '2023-06-29', 'Processing', 215.00, '890 Cedar Rd, Somecity, NY 54321'),
(181, 181, '2023-06-30', 'Shipped', 290.00, '123 Main St, Anytown, CA 12345'),
(182, 182, '2023-07-01', 'Delivered', 120.00, '456 Oak Ave, Somecity, NY 67890'),
(183, 183, '2023-07-02', 'Pending', 70.00, '789 Pine Ln, Othertown, TX 24680'),
(184, 184, '2023-07-03', 'Processing', 230.00, '234 Elm St, Anycity, IL 13579'),
(185, 185, '2023-07-04', 'Shipped', 185.00, '567 Cedar Rd, Anytown, CA 98765'),
(186, 186, '2023-07-05', 'Delivered', 235.00, '890 Main St, Somecity, NY 54321'),
(187, 187, '2023-07-06', 'Pending', 95.00, '123 Oak Ave, Othertown, TX 98765'),
(188, 188, '2023-07-07', 'Processing', 170.00, '456 Pine Ln, Anycity, IL 24680'),
(189, 189, '2023-07-08', 'Shipped', 265.00, '789 Elm St, Anytown, CA 13579'),
(190, 190, '2023-07-09', 'Delivered', 130.00, '234 Cedar Rd, Somecity, NY 67890'),
(191, 191, '2023-07-10', 'Pending', 80.00, '567 Main St, Othertown, TX 24680'),
(192, 192, '2023-07-11', 'Processing', 200.00, '890 Oak Ave, Anycity, IL 13579'),
(193, 193, '2023-07-12', 'Shipped', 195.00, '123 Pine Ln, Anytown, CA 98765'),
(194, 194, '2023-07-13', 'Delivered', 245.00, '456 Elm St, Somecity, NY 54321'),
(195, 195, '2023-07-14', 'Pending', 105.00, '567 Cedar Rd, Anytown, CA 98765'),
(196, 196, '2023-07-15', 'Processing', 160.00, '890 Main St, Somecity, NY 54321'),
(197, 197, '2023-07-16', 'Shipped', 255.00, '123 Oak Ave, Othertown, TX 98765'),
(198, 198, '2023-07-17', 'Delivered', 140.00, '456 Pine Ln, Anycity, IL 24680'),
(199, 199, '2023-07-18', 'Pending', 90.00, '789 Elm St, Anytown, CA 13579'),
(200, 200, '2023-07-19', 'Processing', 220.00, '234 Cedar Rd, Somecity, NY 67890'),
(201, 201, '2023-07-20', 'Shipped', 285.00, '567 Main St, Othertown, TX 24680'),
(202, 202, '2023-07-21', 'Delivered', 115.00, '890 Oak Ave, Anycity, IL 13579'),
(203, 203, '2023-07-22', 'Pending', 65.00, '123 Pine Ln, Anytown, CA 98765'),
(204, 204, '2023-07-23', 'Processing', 230.00, '456 Elm St, Somecity, NY 54321'),
(205, 205, '2023-07-24', 'Shipped', 175.00, '789 Cedar Rd, Othertown, TX 98765'),
(206, 206, '2023-07-25', 'Delivered', 225.00, '234 Main St, Anycity, IL 24680'),
(207, 207, '2023-07-26', 'Pending', 85.00, '567 Oak Ave, Anytown, CA 13579'),
(208, 208, '2023-07-27', 'Processing', 190.00, '890 Pine Ln, Somecity, NY 67890'),
(209, 209, '2023-07-28', 'Shipped', 270.00, '123 Elm St, Othertown, TX 24680'),
(210, 210, '2023-07-29', 'Delivered', 125.00, '456 Cedar Rd, Anycity, IL 13579'),
(211, 211, '2023-07-30', 'Pending', 75.00, '789 Main St, Anytown, CA 98765'),
(212, 212, '2023-07-31', 'Processing', 205.00, '234 Oak Ave, Somecity, NY 54321'),
(213, 213, '2023-08-01', 'Shipped', 200.00, '567 Pine Ln, Othertown, TX 98765'),
(214, 214, '2023-08-02', 'Delivered', 250.00, '890 Elm St, Anycity, IL 24680'),
(215, 215, '2023-08-03', 'Pending', 110.00, '123 Cedar Rd, Anytown, CA 13579'),
(216, 216, '2023-08-04', 'Processing', 155.00, '456 Main St, Somecity, NY 67890'),
(217, 217, '2023-08-05', 'Shipped', 260.00, '789 Oak Ave, Othertown, TX 98765'),
(218, 218, '2023-08-06', 'Delivered', 135.00, '234 Pine Ln, Anycity, IL 13579'),
(219, 219, '2023-08-07', 'Pending', 85.00, '567 Elm St, Anytown, CA 98765'),
(220, 220, '2023-08-08', 'Processing', 215.00, '890 Cedar Rd, Somecity, NY 54321'),
(221, 221, '2023-08-09', 'Shipped', 290.00, '123 Main St, Anytown, CA 12345'),
(222, 222, '2023-08-10', 'Delivered', 120.00, '456 Oak Ave, Somecity, NY 67890'),
(223, 223, '2023-08-11', 'Pending', 70.00, '789 Pine Ln, Othertown, TX 24680'),
(224, 224, '2023-08-12', 'Processing', 230.00, '234 Elm St, Anycity, IL 13579'),
(225, 225, '2023-08-13', 'Shipped', 185.00, '567 Cedar Rd, Anytown, CA 98765'),
(226, 226, '2023-08-14', 'Delivered', 235.00, '890 Main St, Somecity, NY 54321'),
(227, 227, '2023-08-15', 'Pending', 95.00, '123 Oak Ave, Othertown, TX 98765'),
(228, 228, '2023-08-16', 'Processing', 170.00, '456 Pine Ln, Anycity, IL 24680'),
(229, 229, '2023-08-17', 'Shipped', 265.00, '789 Elm St, Anytown, CA 13579'),
(230, 230, '2023-08-18', 'Delivered', 130.00, '234 Cedar Rd, Somecity, NY 67890'),
(231, 231, '2023-08-19', 'Pending', 80.00, '567 Main St, Othertown, TX 24680'),
(232, 232, '2023-08-20', 'Processing', 200.00, '890 Oak Ave, Anycity, IL 13579'),
(233, 233, '2023-08-21', 'Shipped', 195.00, '123 Pine Ln, Anytown, CA 98765'),
(234, 234, '2023-08-22', 'Delivered', 245.00, '456 Elm St, Somecity, NY 54321'),
(235, 235, '2023-08-23', 'Pending', 105.00, '567 Cedar Rd, Anytown, CA 98765'),
(236, 236, '2023-08-24', 'Processing', 160.00, '123 Oak Ave, Othertown, TX 98765'),
(237, 237, '2023-08-25', 'Shipped', 255.00, '123 Oak Ave, Othertown, TX 98765'),
(238, 238, '2023-08-26', 'Delivered', 140.00, '456 Pine Ln, Anycity, IL 24680'),
(239, 239, '2023-08-27', 'Pending', 90.00, '789 Elm St, Anytown, CA 13579'),
(240, 240, '2023-08-28', 'Processing', 220.00, '234 Cedar Rd, Somecity, NY 67890'),
(241, 241, '2023-08-29', 'Shipped', 285.00, '567 Main St, Othertown, TX 24680'),
(242, 242, '2023-08-30', 'Delivered', 115.00, '890 Oak Ave, Anycity, IL 13579'),
(243, 243, '2023-08-31', 'Pending', 65.00, '123 Pine Ln, Anytown, CA 98765'),
(244, 244, '2023-09-01', 'Processing', 230.00, '456 Elm St, Somecity, NY 54321'),
(245, 245, '2023-09-02', 'Shipped', 175.00, '789 Cedar Rd, Othertown, TX 98765'),
(246, 246, '2023-09-03', 'Delivered', 225.00, '234 Main St, Anycity, IL 24680'),
(247, 247, '2023-09-04', 'Pending', 85.00, '567 Oak Ave, Anytown, CA 13579'),
(248, 248, '2023-09-05', 'Processing', 190.00, '890 Pine Ln, Somecity, NY 67890'),
(249, 249, '2023-09-06', 'Shipped', 270.00, '123 Elm St, Othertown, TX 24680'),
(250, 250, '2023-09-07', 'Delivered', 125.00, '456 Cedar Rd, Anycity, IL 13579'),
(251, 251, '2023-09-08', 'Pending', 75.00, '789 Main St, Anytown, CA 98765'),
(252, 252, '2023-09-09', 'Processing', 205.00, '234 Oak Ave, Somecity, NY 54321'),
(253, 253, '2023-09-10', 'Shipped', 200.00, '567 Pine Ln, Othertown, TX 98765'),
(254, 254, '2023-09-11', 'Delivered', 250.00, '890 Elm St, Anycity, IL 24680'),
(255, 255, '2023-09-12', 'Pending', 110.00, '123 Cedar Rd, Anytown, CA 13579'),
(256, 256, '2023-09-13', 'Processing', 155.00, '456 Main St, Somecity, NY 67890'),
(257, 257, '2023-09-14', 'Shipped', 260.00, '789 Oak Ave, Othertown, TX 98765'),
(258, 258, '2023-09-15', 'Delivered', 135.00, '234 Pine Ln, Anycity, IL 13579'),
(259, 259, '2023-09-16', 'Pending', 85.00, '567 Elm St, Anytown, CA 98765'),
(260, 260, '2023-09-17', 'Processing', 215.00, '890 Cedar Rd, Somecity, NY 54321'),
(261, 261, '2023-09-18', 'Shipped', 290.00, '123 Main St, Anytown, CA 12345'),
(262, 262, '2023-09-19', 'Delivered', 120.00, '456 Oak Ave, Somecity, NY 67890'),
(263, 263, '2023-09-20', 'Pending', 70.00, '789 Pine Ln, Othertown, TX 24680'),
(264, 264, '2023-09-21', 'Processing', 230.00, '234 Elm St, Anycity, IL 13579'),
(265, 265, '2023-09-22', 'Shipped', 185.00, '567 Cedar Rd, Anytown, CA 98765'),
(266, 266, '2023-09-23', 'Delivered', 235.00, '890 Main St, Somecity, NY 54321'),
(267, 267, '2023-09-24', 'Pending', 95.00, '123 Oak Ave, Othertown, TX 98765'),
(268, 268, '2023-09-25', 'Processing', 170.00, '456 Pine Ln, Anycity, IL 24680'),
(269, 269, '2023-09-26', 'Shipped', 265.00, '789 Elm St, Anytown, CA 13579'),
(270, 270, '2023-09-27', 'Delivered', 130.00, '234 Cedar Rd, Somecity, NY 67890'),
(271, 271, '2023-09-28', 'Pending', 80.00, '567 Main St, Othertown, TX 24680'),
(272, 272, '2023-09-29', 'Processing', 200.00, '890 Oak Ave, Anycity, IL 13579'),
(273, 273, '2023-09-30', 'Shipped', 195.00, '123 Pine Ln, Anytown, CA 98765'),
(274, 274, '2023-10-01', 'Delivered', 245.00, '456 Elm St, Somecity, NY 54321'),
(275, 275, '2023-10-02', 'Pending', 105.00, '567 Cedar Rd, Anytown, CA 13579'),
(276, 276, '2023-10-03', 'Processing', 160.00, '890 Main St, Somecity, NY 54321'),
(277, 277, '2023-10-04', 'Shipped', 255.00, '123 Oak Ave, Othertown, TX 98765'),
(278, 278, '2023-10-05', 'Delivered', 140.00, '456 Pine Ln, Anycity, IL 24680'),
(279, 279, '2023-10-06', 'Pending', 90.00, '789 Elm St, Anytown, CA 13579'),
(280, 280, '2023-10-07', 'Processing', 220.00, '234 Cedar Rd, Somecity, NY 67890'),
(281, 281, '2023-10-08', 'Shipped', 285.00, '567 Main St, Othertown, TX 24680'),
(282, 282, '2023-10-09', 'Delivered', 115.00, '890 Oak Ave, Anycity, IL 13579'),
(283, 283, '2023-10-10', 'Pending', 65.00, '123 Pine Ln, Anytown, CA 98765'),
(284, 284, '2023-10-11', 'Processing', 230.00, '456 Elm St, Somecity, NY 54321'),
(285, 285, '2023-10-12', 'Shipped', 175.00, '789 Cedar Rd, Othertown, TX 98765'),
(286, 286, '2023-10-13', 'Delivered', 225.00, '234 Main St, Anycity, IL 24680'),
(287, 287, '2023-10-14', 'Pending', 85.00, '567 Oak Ave, Anytown, CA 13579'),
(288, 288, '2023-10-15', 'Processing', 190.00, '890 Pine Ln, Somecity, NY 67890'),
(289, 289, '2023-10-16', 'Shipped', 270.00, '123 Elm St, Othertown, TX 24680'),
(290, 290, '2023-10-17', 'Delivered', 125.00, '456 Cedar Rd, Anycity, IL 13579'),
(291, 291, '2023-10-18', 'Pending', 75.00, '789 Main St, Anytown, CA 98765'),
(292, 292, '2023-10-19', 'Processing', 205.00, '234 Oak Ave, Somecity, NY 54321'),
(293, 293, '2023-10-20', 'Shipped', 200.00, '567 Pine Ln, Othertown, TX 98765'),
(294, 294, '2023-10-21', 'Delivered', 250.00, '890 Elm St, Anycity, IL 24680'),
(295, 295, '2023-10-22', 'Pending', 110.00, '123 Cedar Rd, Anytown, CA 13579'),
(296, 296, '2023-10-23', 'Processing', 155.00, '456 Main St, Somecity, NY 67890'),
(297, 297, '2023-10-24', 'Shipped', 260.00, '789 Oak Ave, Othertown, TX 98765'),
(298, 298, '2023-10-25', 'Delivered', 135.00, '234 Pine Ln, Anycity, IL 13579'),
(299, 299, '2023-10-26', 'Pending', 85.00, '567 Elm St, Anytown, CA 98765'),
(300, 300, '2023-10-27', 'Processing', 215.00, '890 Cedar Rd, Somecity, NY 54321'),
(301, 301, '2023-10-28', 'Shipped', 290.00, '123 Main St, Anytown, CA 12345'),
(302, 302, '2023-10-29', 'Delivered', 120.00, '456 Oak Ave, Somecity, NY 67890'),
(303, 303, '2023-10-30', 'Pending', 70.00, '789 Pine Ln, Othertown, TX 24680'),
(304, 304, '2023-10-31', 'Processing', 230.00, '234 Elm St, Anycity, IL 13579'),
(305, 305, '2023-11-01', 'Shipped', 185.00, '567 Cedar Rd, Anytown, CA 98765'),
(306, 306, '2023-11-02', 'Delivered', 235.00, '890 Main St, Somecity, NY 54321'),
(307, 307, '2023-11-03', 'Pending', 95.00, '123 Oak Ave, Othertown, TX 98765'),
(308, 308, '2023-11-04', 'Processing', 170.00, '456 Pine Ln, Anycity, IL 24680'),
(309, 309, '2023-11-05', 'Shipped', 265.00, '789 Elm St, Anytown, CA 13579'),
(310, 310, '2023-11-06', 'Delivered', 130.00, '234 Cedar Rd, Somecity, NY 67890'),
(311, 311, '2023-11-07', 'Pending', 80.00, '567 Main St, Othertown, TX 24680'),
(312, 312, '2023-11-08', 'Processing', 200.00, '890 Oak Ave, Anycity, IL'),
(501, 500, '2023-11-08', 'Processing', 200.00, '890 Oak Ave, Anycity, IL 13579'),
(313, 313, '2023-11-09', 'Shipped', 195.00, '123 Pine Ln, Anytown, CA 98765'),
(314, 314, '2023-11-10', 'Delivered', 245.00, '456 Elm St, Somecity, NY 54321'),
(315, 315, '2023-11-11', 'Pending', 105.00, '567 Cedar Rd, Anytown, CA 13579'),
(316, 316, '2023-11-12', 'Processing', 160.00, '890 Main St, Somecity, NY 54321'),
(317, 317, '2023-11-13', 'Shipped', 255.00, '123 Oak Ave, Othertown, TX 98765'),
(318, 318, '2023-11-14', 'Delivered', 140.00, '456 Pine Ln, Anycity, IL 24680'),
(319, 319, '2023-11-15', 'Pending', 90.00, '789 Elm St, Anytown, CA 13579'),
(320, 320, '2023-11-16', 'Processing', 220.00, '234 Cedar Rd, Somecity, NY 67890'),
(321, 321, '2023-11-17', 'Shipped', 285.00, '567 Main St, Othertown, TX 24680'),
(322, 322, '2023-11-18', 'Delivered', 115.00, '890 Oak Ave, Anycity, IL 13579'),
(323, 323, '2023-11-19', 'Pending', 65.00, '123 Pine Ln, Anytown, CA 98765'),
(324, 324, '2023-11-20', 'Processing', 230.00, '456 Elm St, Somecity, NY 54321'),
(325, 325, '2023-11-21', 'Shipped', 175.00, '789 Cedar Rd, Othertown, TX 98765'),
(326, 326, '2023-11-22', 'Delivered', 225.00, '234 Main St, Anycity, IL 24680'),
(327, 327, '2023-11-23', 'Pending', 85.00, '567 Oak Ave, Anytown, CA 13579'),
(328, 328, '2023-11-24', 'Processing', 190.00, '890 Pine Ln, Somecity, NY 67890'),
(329, 329, '2023-11-25', 'Shipped', 270.00, '123 Elm St, Othertown, TX 24680'),
(330, 330, '2023-11-26', 'Delivered', 125.00, '456 Cedar Rd, Anycity, IL 13579'),
(331, 331, '2023-11-27', 'Pending', 75.00, '789 Main St, Anytown, CA 98765'),
(332, 332, '2023-11-28', 'Processing', 205.00, '234 Oak Ave, Somecity, NY 54321'),
(333, 333, '2023-11-29', 'Shipped', 200.00, '567 Pine Ln, Othertown, TX 98765'),
(334, 334, '2023-11-30', 'Delivered', 250.00, '890 Elm St, Anycity, IL 24680'),
(335, 335, '2023-12-01', 'Pending', 110.00, '123 Cedar Rd, Anytown, CA 13579'),
(336, 336, '2023-12-02', 'Processing', 155.00, '456 Main St, Somecity, NY 67890'),
(337, 337, '2023-12-03', 'Shipped', 260.00, '789 Oak Ave, Othertown, TX 98765'),
(338, 338, '2023-12-04', 'Delivered', 135.00, '234 Pine Ln, Anycity, IL 13579'),
(339, 339, '2023-12-05', 'Pending', 85.00, '567 Elm St, Anytown, CA 98765'),
(340, 340, '2023-12-06', 'Processing', 215.00, '890 Cedar Rd, Somecity, NY 54321'),
(341, 341, '2023-12-07', 'Shipped', 290.00, '123 Main St, Anytown, CA 12345'),
(342, 342, '2023-12-08', 'Delivered', 120.00, '456 Oak Ave, Somecity, NY 67890'),
(343, 343, '2023-12-09', 'Pending', 70.00, '789 Pine Ln, Othertown, TX 24680'),
(344, 344, '2023-12-10', 'Processing', 230.00, '234 Elm St, Anycity, IL 13579'),
(345, 345, '2023-12-11', 'Shipped', 185.00, '567 Cedar Rd, Anytown, CA 98765'),
(346, 346, '2023-12-12', 'Delivered', 235.00, '890 Main St, Somecity, NY 54321'),
(347, 347, '2023-12-13', 'Pending', 95.00, '123 Oak Ave, Othertown, TX 98765'),
(348, 348, '2023-12-14', 'Processing', 170.00, '456 Pine Ln, Anycity, IL 24680'),
(349, 349, '2023-12-15', 'Shipped', 265.00, '789 Elm St, Anytown, CA 13579'),
(350, 350, '2023-12-16', 'Delivered', 130.00, '234 Cedar Rd, Somecity, NY 67890'),
(351, 351, '2023-12-17', 'Pending', 80.00, '567 Main St, Othertown, TX 24680'),
(352, 352, '2023-12-18', 'Processing', 200.00, '890 Oak Ave, Anycity, IL 13579'),
(353, 353, '2023-12-19', 'Shipped', 195.00, '123 Pine Ln, Anytown, CA 98765'),
(354, 354, '2023-12-20', 'Delivered', 245.00, '456 Elm St, Somecity, NY 54321'),
(355, 355, '2023-12-21', 'Pending', 105.00, '567 Cedar Rd, Anytown, CA 13579'),
(356, 356, '2023-12-22', 'Processing', 160.00, '890 Main St, Somecity, NY 54321'),
(357, 357, '2023-12-23', 'Shipped', 255.00, '123 Oak Ave, Othertown, TX 98765'),
(358, 358, '2023-12-24', 'Delivered', 140.00, '456 Pine Ln, Anycity, IL 24680'),
(359, 359, '2023-12-25', 'Pending', 90.00, '789 Elm St, Anytown, CA 13579'),
(360, 360, '2023-12-26', 'Processing', 220.00, '234 Cedar Rd, Somecity, NY 67890'),
(361, 361, '2023-12-27', 'Shipped', 285.00, '567 Main St, Othertown, TX 24680'),
(362, 362, '2023-12-28', 'Delivered', 115.00, '890 Oak Ave, Anycity, IL 13579'),
(363, 363, '2023-12-29', 'Pending', 65.00, '123 Pine Ln, Anytown, CA 98765'),
(364, 364, '2023-12-30', 'Processing', 230.00, '456 Elm St, Somecity, NY 54321'),
(365, 365, '2023-12-31', 'Shipped', 175.00, '789 Cedar Rd, Othertown, TX 98765'),
(366, 366, '2024-01-01', 'Delivered', 225.00, '234 Main St, Anycity, IL 24680'),
(367, 367, '2024-01-02', 'Pending', 85.00, '567 Oak Ave, Anytown, CA 13579'),
(368, 368, '2024-01-03', 'Processing', 190.00, '890 Pine Ln, Somecity, NY 67890'),
(369, 369, '2024-01-04', 'Shipped', 270.00, '123 Elm St, Othertown, TX 24680'),
(370, 370, '2024-01-05', 'Delivered', 125.00, '456 Cedar Rd, Anycity, IL 13579'),
(371, 371, '2024-01-06', 'Pending', 75.00, '789 Main St, Anytown, CA 98765'),
(372, 372, '2024-01-07', 'Processing', 205.00, '234 Oak Ave, Somecity, NY 54321'),
(373, 373, '2024-01-08', 'Shipped', 200.00, '567 Pine Ln, Othertown, TX 98765'),
(374, 374, '2024-01-09', 'Delivered', 250.00, '890 Elm St, Anycity, IL 24680'),
(375, 375, '2024-01-10', 'Pending', 110.00, '123 Cedar Rd, Anytown, CA 13579'),
(376, 376, '2024-01-11', 'Processing', 155.00, '456 Main St, Somecity, NY 67890'),
(377, 377, '2024-01-12', 'Shipped', 260.00, '789 Oak Ave, Othertown, TX 98765'),
(378, 378, '2024-01-13', 'Delivered', 135.00, '234 Pine Ln, Anycity, IL 13579'),
(379, 379, '2024-01-14', 'Pending', 85.00, '567 Elm St, Anytown, CA 98765'),
(380, 380, '2024-01-15', 'Processing', 215.00, '890 Cedar Rd, Somecity, NY 54321'),
(381, 381, '2024-01-16', 'Shipped', 290.00, '123 Main St, Anytown, CA 12345'),
(382, 382, '2024-01-17', 'Delivered', 120.00, '456 Oak Ave, Somecity, NY 67890'),
(383, 383, '2024-01-18', 'Pending', 70.00, '789 Pine Ln, Othertown, TX 24680'),
(384, 384, '2024-01-19', 'Processing', 230.00, '234 Elm St, Anycity, IL 13579'),
(385, 385, '2024-01-20', 'Shipped', 185.00, '567 Cedar Rd, Anytown, CA 98765'),
(386, 386, '2024-01-21', 'Delivered', 235.00, '890 Main St, Somecity, NY 54321'),
(387, 387, '2024-01-22', 'Pending', 95.00, '123 Oak Ave, Othertown, TX 98765'),
(388, 388, '2024-01-23', 'Processing', 170.00, '456 Pine Ln, Anycity, IL 24680'),
(389, 389, '2024-01-24', 'Shipped', 265.00, '789 Elm St, Anytown, CA 13579'),
(390, 390, '2024-01-25', 'Delivered', 130.00, '234 Cedar Rd, Somecity, NY 67890'),
(391, 391, '2024-01-26', 'Pending', 80.00, '567 Main St, Othertown, TX 24680'),
(392, 392, '2024-01-27', 'Processing', 200.00, '890 Oak Ave, Anycity, IL 13579'),
(393, 393, '2024-01-28', 'Shipped', 195.00, '123 Pine Ln, Anytown, CA 98765'),
(394, 394, '2024-01-29', 'Delivered', 245.00, '456 Elm St, Somecity, NY 54321'),
(395, 395, '2024-01-30', 'Pending', 105.00, '567 Cedar Rd, Anytown, CA 13579'),
(396, 396, '2024-01-31', 'Processing', 160.00, '890 Main St, Somecity, NY 54321'),
(397, 397, '2024-02-01', 'Shipped', 255.00, '123 Oak Ave, Othertown, TX 98765'),
(398, 398, '2024-02-02', 'Delivered', 140.00, '456 Pine Ln, Anycity, IL 24680'),
(399, 399, '2024-02-03', 'Pending', 90.00, '789 Elm St, Anytown, CA 13579'),
(400, 400, '2024-02-04', 'Processing', 220.00, '234 Cedar Rd, Somecity, NY 67890'),
(401, 401, '2024-02-05', 'Shipped', 285.00, '567 Main St, Othertown, TX 24680'),
(402, 402, '2024-02-06', 'Delivered', 115.00, '890 Oak Ave, Anycity, IL 13579'),
(403, 403, '2024-02-07', 'Pending', 65.00, '123 Pine Ln, Anytown, CA 98765'),
(404, 404, '2024-02-08', 'Processing', 230.00, '456 Elm St, Somecity, NY 54321'),
(405, 405, '2024-02-09', 'Shipped', 175.00, '789 Cedar Rd, Othertown, TX 98765'),
(406, 406, '2024-02-10', 'Delivered', 225.00, '234 Main St, Anycity, IL 24680'),
(407, 407, '2024-02-11', 'Pending', 85.00, '567 Oak Ave, Anytown, CA 13579'),
(408, 408, '2024-02-12', 'Processing', 190.00, '890 Pine Ln, Somecity, NY 67890'),
(409, 409, '2024-02-13', 'Shipped', 270.00, '123 Elm St, Othertown, TX 24680'),
(410, 410, '2024-02-14', 'Delivered', 125.00, '456 Cedar Rd, Anycity, IL 13579'),
(411, 411, '2024-02-15', 'Pending', 75.00, '789 Main St, Anytown, CA 98765'),
(412, 412, '2024-02-16', 'Processing', 205.00, '234 Oak Ave, Somecity, NY 54321'),
(413, 413, '2024-02-17', 'Shipped', 200.00, '567 Pine Ln, Othertown, TX 98765'),
(414, 414, '2024-02-18', 'Delivered', 250.00, '890 Elm St, Anycity, IL 24680'),
(415, 415, '2024-02-19', 'Pending', 110.00, '123 Cedar Rd, Anytown, CA 13579'),
(416, 416, '2024-02-20', 'Processing', 155.00, '456 Main St, Somecity, NY 67890'),
(417, 417, '2024-02-21', 'Shipped', 260.00, '789 Oak Ave, Othertown, TX 98765'),
(418, 418, '2024-02-22', 'Delivered', 135.00, '234 Pine Ln, Anycity, IL 13579'),
(419, 419, '2024-02-23', 'Pending', 85.00, '567 Elm St, Anytown, CA 98765'),
(420, 420, '2024-02-24', 'Processing', 215.00, '890 Cedar Rd, Somecity, NY 54321'),
(421, 421, '2024-02-25', 'Shipped', 290.00, '123 Main St, Anytown, CA 12345'),
(422, 422, '2024-02-26', 'Delivered', 120.00, '456 Oak Ave, Somecity, NY 67890'),
(423, 423, '2024-02-27', 'Pending', 70.00, '789 Pine Ln, Othertown, TX 24680'),
(424, 424, '2024-02-28', 'Processing', 230.00, '234 Elm St, Anycity, IL 13579'),
(425, 425, '2024-02-29', 'Shipped', 185.00, '567 Cedar Rd, Anytown, CA 98765'),
(426, 426, '2024-03-01', 'Delivered', 235.00, '890 Main St, Somecity, NY 54321'),
(427, 427, '2024-03-02', 'Pending', 95.00, '123 Oak Ave, Othertown, TX 98765'),
(428, 428, '2024-03-03', 'Processing', 170.00, '456 Pine Ln, Anycity, IL 24680'),
(429, 429, '2024-03-04', 'Shipped', 265.00, '789 Elm St, Anytown, CA 13579'),
(430, 430, '2024-03-05', 'Delivered', 130.00, '234 Cedar Rd, Somecity, NY 67890'),
(431, 431, '2024-03-06', 'Pending', 80.00, '567 Main St, Othertown, TX 24680'),
(432, 432, '2024-03-07', 'Processing', 200.00, '890 Oak Ave, Anycity, IL 13579'),
(433, 433, '2024-03-08', 'Shipped', 195.00, '123 Pine Ln, Anytown, CA 98765'),
(434, 434, '2024-03-09', 'Delivered', 245.00, '456 Elm St, Somecity, NY 54321'),
(435, 435, '2024-03-10', 'Pending', 105.00, '567 Cedar Rd, Anytown, CA 13579'),
(436, 436, '2024-03-11', 'Processing', 160.00, '890 Main St, Somecity, NY 54321'),
(437, 437, '2024-03-12', 'Shipped', 255.00, '123 Oak Ave, Othertown, TX 98765'),
(438, 438, '2024-03-13', 'Delivered', 140.00, '456 Pine Ln, Anycity, IL 24680'),
(439, 439, '2024-03-14', 'Pending', 90.00, '789 Elm St, Anytown, CA 13579'),
(440, 440, '2024-03-15', 'Processing', 220.00, '234 Cedar Rd, Somecity, NY 67890'),
(441, 441, '2024-03-16', 'Shipped', 285.00, '567 Main St, Othertown, TX 24680'),
(442, 442, '2024-03-17', 'Delivered', 115.00, '890 Oak Ave, Anycity, IL 13579'),
(443, 443, '2024-03-18', 'Pending', 65.00, '123 Pine Ln, Anytown, CA 98765'),
(444, 444, '2024-03-19', 'Processing', 230.00, '456 Elm St, Somecity, NY 54321'),
(445, 445, '2024-03-20', 'Shipped', 175.00, '789 Cedar Rd, Othertown, TX 98765'),
(446, 446, '2024-03-21', 'Delivered', 225.00, '234 Main St, Anycity, IL 24680'),
(447, 447, '2024-03-22', 'Pending', 85.00, '567 Oak Ave, Anytown, CA 13579'),
(448, 448, '2024-03-23', 'Processing', 190.00, '890 Pine Ln, Somecity, NY 67890'),
(449, 449, '2024-03-24', 'Shipped', 270.00, '123 Elm St, Othertown, TX 24680'),
(450, 450, '2024-03-25', 'Delivered', 125.00, '456 Cedar Rd, Anycity, IL 13579'),
(451, 451, '2024-03-26', 'Pending', 75.00, '789 Main St, Anytown, CA 98765'),
(452, 452, '2024-03-27', 'Processing', 205.00, '234 Oak Ave, Somecity, NY 54321'),
(453, 453, '2024-03-28', 'Shipped', 200.00, '567 Pine Ln, Othertown, TX 98765'),
(454, 454, '2024-03-29', 'Delivered', 250.00, '890 Elm St, Anycity, IL 24680'),
(455, 455, '2024-03-30', 'Pending', 110.00, '123 Cedar Rd, Anytown, CA 13579'),
(456, 456, '2024-03-31', 'Processing', 155.00, '456 Main St, Somecity, NY 67890'),
(457, 457, '2024-04-01', 'Shipped', 260.00, '789 Oak Ave, Othertown, TX 98765'),
(458, 458, '2024-04-02', 'Delivered', 135.00, '234 Pine Ln, Anycity, IL 13579'),
(459, 459, '2024-04-03', 'Pending', 85.00, '567 Elm St, Anytown, CA 98765'),
(460, 460, '2024-04-04', 'Processing', 215.00, '890 Cedar Rd, Somecity, NY 54321'),
(461, 461, '2024-04-05', 'Shipped', 290.00, '123 Main St, Anytown, CA 12345'),
(462, 462, '2024-04-06', 'Delivered', 120.00, '456 Oak Ave, Somecity, NY 67890'),
(463, 463, '2024-04-07', 'Pending', 70.00, '789 Pine Ln, Othertown, TX 24680'),
(464, 464, '2024-04-08', 'Processing', 230.00, '234 Elm St, Anycity, IL 13579'),
(465, 465, '2024-04-09', 'Shipped', 185.00, '567 Cedar Rd, Anytown, CA 98765'),
(466, 466, '2024-04-10', 'Delivered', 235.00, '890 Main St, Somecity, NY 54321'),
(467, 467, '2024-04-11', 'Pending', 95.00, '123 Oak Ave, Othertown, TX 98765'),
(468, 468, '2024-04-12', 'Processing', 170.00, '456 Pine Ln, Anycity, IL 24680'),
(469, 469, '2024-04-13', 'Shipped', 265.00, '789 Elm St, Anytown, CA 13579'),
(470, 470, '2024-04-14', 'Delivered', 130.00, '234 Cedar Rd, Somecity, NY 67890'),
(471, 471, '2024-04-15', 'Pending', 80.00, '567 Main St, Othertown, TX 24680'),
(472, 472, '2024-04-16', 'Processing', 200.00, '890 Oak Ave, Anycity, IL 13579'),
(473, 473, '2024-04-17', 'Shipped', 195.00, '123 Pine Ln, Anytown, CA 98765'),
(474, 474, '2024-04-18', 'Delivered', 245.00, '456 Elm St, Somecity, NY 54321'),
(475, 475, '2024-04-19', 'Pending', 105.00, '567 Cedar Rd, Anytown, CA 13579'),
(476, 476, '2024-04-20', 'Processing', 160.00, '890 Main St, Somecity, NY 54321'),
(477, 477, '2024-04-21', 'Shipped', 255.00, '123 Oak Ave, Othertown, TX 98765'),
(478, 478, '2024-04-22', 'Delivered', 140.00, '456 Pine Ln, Anycity, IL 24680'),
(479, 479, '2024-04-23', 'Pending', 90.00, '789 Elm St, Anytown, CA 13579'),
(480, 480, '2024-04-24', 'Processing', 220.00, '234 Cedar Rd, Somecity, NY 67890'),
(481, 481, '2024-04-25', 'Shipped', 285.00, '567 Main St, Othertown, TX 24680'),
(482, 482, '2024-04-26', 'Delivered', 115.00, '890 Oak Ave, Anycity, IL 13579'),
(483, 483, '2024-04-27', 'Pending', 65.00, '123 Pine Ln, Anytown, CA 98765'),
(484, 484, '2024-04-28', 'Processing', 230.00, '456 Elm St, Somecity, NY 54321'),
(485, 485, '2024-04-29', 'Shipped', 175.00, '789 Cedar Rd, Othertown, TX 98765'),
(486, 486, '2024-04-30', 'Delivered', 225.00, '234 Main St, Anycity, IL 24680'),
(487, 487, '2024-05-01', 'Pending', 85.00, '567 Oak Ave, Anytown, CA 13579'),
(488, 488, '2024-05-02', 'Processing', 190.00, '890 Pine Ln, Somecity, NY 67890'),
(489, 489, '2024-05-03', 'Shipped', 270.00, '123 Elm St, Othertown, TX 24680'),
(490, 490, '2024-05-04', 'Delivered', 125.00, '456 Cedar Rd, Anycity, IL 13579'),
(491, 491, '2024-05-05', 'Pending', 75.00, '789 Main St, Anytown, CA 98765'),
(492, 492, '2024-05-06', 'Processing', 205.00, '234 Oak Ave, Somecity, NY 54321'),
(493, 493, '2024-05-07', 'Shipped', 200.00, '567 Pine Ln, Othertown, TX 98765'),
(494, 494, '2024-05-08', 'Delivered', 250.00, '890 Elm St, Anycity, IL 24680'),
(495, 495, '2024-05-09', 'Pending', 110.00, '123 Cedar Rd, Anytown, CA 13579'),
(496, 496, '2024-05-10', 'Processing', 155.00, '456 Main St, Somecity, NY 67890'),
(497, 497, '2024-05-11', 'Shipped', 260.00, '789 Oak Ave, Othertown, TX 98765'),
(498, 498, '2024-05-12', 'Delivered', 135.00, '234 Pine Ln, Anycity, IL 13579'),
(499, 499, '2024-05-13', 'Pending', 85.00, '567 Elm St, Anytown, CA 98765'),
(500, 500, '2024-05-14', 'Processing', 215.00, '890 Cedar Rd, Somecity, NY 54321');

INSERT INTO payments (payment_id, order_id, payment_date, amount, payment_method, transaction_status)
VALUES
(1, 101, '2024-01-15', 25.50, 'Credit Card', 'Completed'),
(2, 102, '2024-01-16', 120.00, 'PayPal', 'Completed'),
(3, 103, '2024-01-17', 75.25, 'Debit Card', 'Completed'),
(4, 104, '2024-01-18', 300.00, 'Bank Transfer', 'Pending'),
(5, 105, '2024-01-19', 15.75, 'Credit Card', 'Completed'),
(6, 106, '2024-01-20', 90.50, 'PayPal', 'Completed'),
(7, 107, '2024-01-21', 45.00, 'Debit Card', 'Failed'),
(8, 108, '2024-01-22', 200.00, 'Bank Transfer', 'Completed'),
(9, 109, '2024-01-23', 60.00, 'Credit Card', 'Completed'),
(10, 110, '2024-01-24', 30.25, 'PayPal', 'Completed'),
(11, 111, '2024-01-25', 180.00, 'Debit Card', 'Completed'),
(12, 112, '2024-01-26', 500.00, 'Bank Transfer', 'Completed'),
(13, 113, '2024-01-27', 22.00, 'Credit Card', 'Completed'),
(14, 114, '2024-01-28', 110.00, 'PayPal', 'Completed'),
(15, 115, '2024-01-29', 68.75, 'Debit Card', 'Completed'),
(16, 116, '2024-01-30', 400.00, 'Bank Transfer', 'Pending'),
(17, 117, '2024-01-31', 18.50, 'Credit Card', 'Completed'),
(18, 118, '2024-02-01', 100.00, 'PayPal', 'Completed'),
(19, 119, '2024-02-02', 55.00, 'Debit Card', 'Completed'),
(20, 120, '2024-02-03', 250.00, 'Bank Transfer', 'Completed'),
(21, 121, '2024-02-04', 70.00, 'Credit Card', 'Completed'),
(22, 122, '2024-02-05', 40.00, 'PayPal', 'Completed'),
(23, 123, '2024-02-06', 190.00, 'Debit Card', 'Completed'),
(24, 124, '2024-02-07', 600.00, 'Bank Transfer', 'Completed'),
(25, 125, '2024-02-08', 28.00, 'Credit Card', 'Completed'),
(26, 126, '2024-02-09', 130.00, 'PayPal', 'Completed'),
(27, 127, '2024-02-10', 82.25, 'Debit Card', 'Completed'),
(28, 128, '2024-02-11', 350.00, 'Bank Transfer', 'Pending'),
(29, 129, '2024-02-12', 16.25, 'Credit Card', 'Completed'),
(30, 130, '2024-02-13', 95.00, 'PayPal', 'Completed'),
(31, 131, '2024-02-14', 48.00, 'Debit Card', 'Failed'),
(32, 132, '2024-02-15', 220.00, 'Bank Transfer', 'Completed'),
(33, 133, '2024-02-16', 65.00, 'Credit Card', 'Completed'),
(34, 134, '2024-02-17', 35.25, 'PayPal', 'Completed'),
(35, 135, '2024-02-18', 185.00, 'Debit Card', 'Completed'),
(36, 136, '2024-02-19', 550.00, 'Bank Transfer', 'Completed'),
(37, 137, '2024-02-20', 24.00, 'Credit Card', 'Completed'),
(38, 138, '2024-02-21', 115.00, 'PayPal', 'Completed'),
(39, 139, '2024-02-22', 72.75, 'Debit Card', 'Completed'),
(40, 140, '2024-02-23', 420.00, 'Bank Transfer', 'Pending'),
(41, 141, '2024-02-24', 19.00, 'Credit Card', 'Completed'),
(42, 142, '2024-02-25', 105.00, 'PayPal', 'Completed'),
(43, 143, '2024-02-26', 58.00, 'Debit Card', 'Completed'),
(44, 144, '2024-02-27', 270.00, 'Bank Transfer', 'Completed'),
(45, 145, '2024-02-28', 75.00, 'Credit Card', 'Completed'),
(46, 146, '2024-02-29', 42.00, 'PayPal', 'Completed'),
(47, 147, '2024-03-01', 195.00, 'Debit Card', 'Completed'),
(48, 148, '2024-03-02', 620.00, 'Bank Transfer', 'Completed'),
(49, 149, '2024-03-03', 30.00, 'Credit Card', 'Completed'),
(50, 150, '2024-03-04', 140.00, 'PayPal', 'Completed'),
(51, 151, '2024-03-05', 88.25, 'Debit Card', 'Completed'),
(52, 152, '2024-03-06', 370.00, 'Bank Transfer', 'Pending'),
(53, 153, '2024-03-07', 17.75, 'Credit Card', 'Completed'),
(54, 154, '2024-03-08', 98.00, 'PayPal', 'Completed'),
(55, 155, '2024-03-09', 52.00, 'Debit Card', 'Failed'),
(56, 156, '2024-03-10', 230.00, 'Bank Transfer', 'Completed'),
(57, 157, '2024-03-11', 68.00, 'Credit Card', 'Completed'),
(58, 158, '2024-03-12', 38.25, 'PayPal', 'Completed'),
(59, 159, '2024-03-13', 175.00, 'Debit Card', 'Completed'),
(60, 160, '2024-03-14', 580.00, 'Bank Transfer', 'Completed'),
(61, 161, '2024-03-15', 26.00, 'Credit Card', 'Completed'),
(62, 162, '2024-03-16', 125.00, 'PayPal', 'Completed'),
(63, 163, '2024-03-17', 77.75, 'Debit Card', 'Completed'),
(64, 164, '2024-03-18', 450.00, 'Bank Transfer', 'Pending'),
(65, 165, '2024-03-19', 21.50, 'Credit Card', 'Completed'),
(66, 166, '2024-03-20', 108.00, 'PayPal', 'Completed'),
(67, 167, '2024-03-21', 62.00, 'Debit Card', 'Completed'),
(68, 168, '2024-03-22', 300.00, 'Bank Transfer', 'Completed'),
(69, 169, '2024-03-23', 80.00, 'Credit Card', 'Completed'),
(70, 170, '2024-03-24', 45.00, 'PayPal', 'Completed'),
(71, 171, '2024-03-25', 200.00, 'Debit Card', 'Completed'),
(72, 172, '2024-03-26', 650.00, 'Bank Transfer', 'Completed'),
(73, 173, '2024-03-27', 32.00, 'Credit Card', 'Completed'),
(74, 174, '2024-03-28', 150.00, 'PayPal', 'Completed'),
(75, 175, '2024-03-29', 92.25, 'Debit Card', 'Completed'),
(76, 176, '2024-03-30', 400.00, 'Bank Transfer', 'Pending'),
(77, 177, '2024-03-31', 19.25, 'Credit Card', 'Completed'),
(78, 178, '2024-04-01', 102.00, 'PayPal', 'Completed'),
(79, 179, '2024-04-02', 56.00, 'Debit Card', 'Failed'),
(80, 180, '2024-04-03', 240.00, 'Bank Transfer', 'Completed'),
(81, 181, '2024-04-04', 72.00, 'Credit Card', 'Completed'),
(82, 182, '2024-04-05', 41.25, 'PayPal', 'Completed'),
(83, 183, '2024-04-06', 180.00, 'Debit Card', 'Completed'),
(84, 184, '2024-04-07', 600.00, 'Bank Transfer', 'Completed'),
(85, 185, '2024-04-08', 29.00, 'Credit Card', 'Completed'),
(86, 186, '2024-04-09', 135.00, 'PayPal', 'Completed'),
(87, 187, '2024-04-10', 85.50, 'Debit Card', 'Completed'),
(88, 188, '2024-04-11', 380.00, 'Bank Transfer', 'Pending'),
(89, 189, '2024-04-12', 16.75, 'Credit Card', 'Completed'),
(90, 190, '2024-04-13', 97.00, 'PayPal', 'Completed'),
(91, 191, '2024-04-14', 50.00, 'Debit Card', 'Failed'),
(92, 192, '2024-04-15', 210.00, 'Bank Transfer', 'Completed'),
(93, 193, '2024-04-16', 66.00, 'Credit Card', 'Completed'),
(94, 194, '2024-04-17', 36.25, 'PayPal', 'Completed'),
(95, 195, '2024-04-18', 190.00, 'Debit Card', 'Completed'),
(96, 196, '2024-04-19', 570.00, 'Bank Transfer', 'Completed'),
(97, 197, '2024-04-20', 25.00, 'Credit Card', 'Completed'),
(98, 198, '2024-04-21', 120.00, 'PayPal', 'Completed'),
(99, 199, '2024-04-22', 74.25, 'Debit Card', 'Completed'),
(100, 200, '2024-04-23', 430.00, 'Bank Transfer', 'Pending'),
(101, 201, '2024-04-24', 20.50, 'Credit Card', 'Completed'),
(102, 202, '2024-04-25', 106.00, 'PayPal', 'Completed'),
(103, 203, '2024-04-26', 60.00, 'Debit Card', 'Completed'),
(104, 204, '2024-04-27', 290.00, 'Bank Transfer', 'Completed'),
(105, 205, '2024-04-28', 78.00, 'Credit Card', 'Completed'),
(106, 206, '2024-04-29', 44.00, 'PayPal', 'Completed'),
(107, 207, '2024-04-30', 205.00, 'Debit Card', 'Completed'),
(108, 208, '2024-05-01', 630.00, 'Bank Transfer', 'Completed'),
(109, 209, '2024-05-02', 31.00, 'Credit Card', 'Completed'),
(110, 210, '2024-05-03', 145.00, 'PayPal', 'Completed'),
(111, 211, '2024-05-04', 90.25, 'Debit Card', 'Completed'),
(112, 212, '2024-05-05', 360.00, 'Bank Transfer', 'Pending'),
(113, 213, '2024-05-06', 18.25, 'Credit Card', 'Completed'),
(114, 214, '2024-05-07', 99.00, 'PayPal', 'Completed'),
(115, 215, '2024-05-08', 54.00, 'Debit Card', 'Failed'),
(116, 216, '2024-05-09', 220.00, 'Bank Transfer', 'Completed'),
(117, 217, '2024-05-10', 70.00, 'Credit Card', 'Completed'),
(118, 218, '2024-05-11', 39.25, 'PayPal', 'Completed'),
(119, 219, '2024-05-12', 170.00, 'Debit Card', 'Completed'),
(120, 220, '2024-05-13', 590.00, 'Bank Transfer', 'Completed'),
(121, 221, '2024-05-14', 27.00, 'Credit Card', 'Completed'),
(122, 222, '2024-05-15', 130.00, 'PayPal', 'Completed'),
(123, 223, '2024-05-16', 80.75, 'Debit Card', 'Completed'),
(124, 224, '2024-05-17', 440.00, 'Bank Transfer', 'Pending'),
(125, 225, '2024-05-18', 22.00, 'Credit Card', 'Completed'),
(126, 226, '2024-05-19', 112.00, 'PayPal', 'Completed'),
(127, 227, '2024-05-20', 65.00, 'Debit Card', 'Completed'),
(128, 228, '2024-05-21', 320.00, 'Bank Transfer', 'Completed'),
(129, 229, '2024-05-22', 85.00, 'Credit Card', 'Completed'),
(130, 230, '2024-05-23', 48.00, 'PayPal', 'Completed'),
(131, 231, '2024-05-24', 210.00, 'Debit Card', 'Completed'),
(132, 232, '2024-05-25', 680.00, 'Bank Transfer', 'Completed'),
(133, 233, '2024-05-26', 34.00, 'Credit Card', 'Completed'),
(134, 234, '2024-05-27', 155.00, 'PayPal', 'Completed'),
(135, 235, '2024-05-28', 95.25, 'Debit Card', 'Completed'),
(136, 236, '2024-05-29', 390.00, 'Bank Transfer', 'Pending'),
(137, 237, '2024-05-30', 18.75, 'Credit Card', 'Completed'),
(138, 238, '2024-05-31', 101.00, 'PayPal', 'Completed'),
(139, 239, '2024-06-01', 53.00, 'Debit Card', 'Failed'),
(140, 240, '2024-06-02', 235.00, 'Bank Transfer', 'Completed'),
(141, 241, '2024-06-03', 71.00, 'Credit Card', 'Completed'),
(142, 242, '2024-06-04', 40.25, 'PayPal', 'Completed'),
(143, 243, '2024-06-05', 175.00, 'Debit Card', 'Completed'),
(144, 244, '2024-06-06', 610.00, 'Bank Transfer', 'Completed'),
(145, 245, '2024-06-07', 28.00, 'Credit Card', 'Completed'),
(146, 246, '2024-06-08', 132.00, 'PayPal', 'Completed'),
(147, 247, '2024-06-09', 83.25, 'Debit Card', 'Completed'),
(148, 248, '2024-06-10', 370.00, 'Bank Transfer', 'Pending'),
(149, 249, '2024-06-11', 17.25, 'Credit Card', 'Completed'),
(150, 250, '2024-06-12', 96.00, 'PayPal', 'Completed'),
(151, 251, '2024-06-13', 49.00, 'Debit Card', 'Failed'),
(152, 252, '2024-06-14', 215.00, 'Bank Transfer', 'Completed'),
(153, 253, '2024-06-15', 67.00, 'Credit Card', 'Completed'),
(154, 254, '2024-06-16', 37.25, 'PayPal', 'Completed'),
(155, 255, '2024-06-17', 180.00, 'Debit Card', 'Completed'),
(156, 256, '2024-06-18', 580.00, 'Bank Transfer', 'Completed'),
(157, 257, '2024-06-19', 26.00, 'Credit Card', 'Completed'),
(158, 258, '2024-06-20', 127.00, 'PayPal', 'Completed'),
(159, 259, '2024-06-21', 79.75, 'Debit Card', 'Completed'),
(160, 260, '2024-06-22', 460.00, 'Bank Transfer', 'Pending'),
(161, 261, '2024-06-23', 21.00, 'Credit Card', 'Completed'),
(162, 262, '2024-06-24', 109.00, 'PayPal', 'Completed'),
(163, 263, '2024-06-25', 63.00, 'Debit Card', 'Completed'),
(164, 264, '2024-06-26', 310.00, 'Bank Transfer', 'Completed'),
(165, 265, '2024-06-27', 82.00, 'Credit Card', 'Completed'),
(166, 266, '2024-06-28', 46.00, 'PayPal', 'Completed'),
(167, 267, '2024-06-29', 200.00, 'Debit Card', 'Completed'),
(168, 268, '2024-06-30', 660.00, 'Bank Transfer', 'Completed'),
(169, 269, '2024-07-01', 33.00, 'Credit Card', 'Completed'),
(170, 270, '2024-07-02', 152.00, 'PayPal', 'Completed'),
(171, 271, '2024-07-03', 93.25, 'Debit Card', 'Completed'),
(172, 272, '2024-07-04', 380.00, 'Bank Transfer', 'Pending'),
(173, 273, '2024-07-05', 18.50, 'Credit Card', 'Completed'),
(174, 274, '2024-07-06', 100.00, 'PayPal', 'Completed'),
(175, 275, '2024-07-07', 55.00, 'Debit Card', 'Failed'),
(176, 276, '2024-07-08', 225.00, 'Bank Transfer', 'Completed'),
(177, 277, '2024-07-09', 69.00, 'Credit Card', 'Completed'),
(178, 278, '2024-07-10', 38.75, 'PayPal', 'Completed'),
(179, 279, '2024-07-11', 172.00, 'Debit Card', 'Completed'),
(180, 280, '2024-07-12', 600.00, 'Bank Transfer', 'Completed'),
(181, 281, '2024-07-13', 26.50, 'Credit Card', 'Completed'),
(182, 282, '2024-07-14', 122.00, 'PayPal', 'Completed'),
(183, 283, '2024-07-15', 76.75, 'Debit Card', 'Completed'),
(184, 284, '2024-07-16', 440.00, 'Bank Transfer', 'Pending'),
(185, 285, '2024-07-17', 21.75, 'Credit Card', 'Completed'),
(186, 286, '2024-07-18', 111.00, 'PayPal', 'Completed'),
(187, 287, '2024-07-19', 64.00, 'Debit Card', 'Completed'),
(188, 288, '2024-07-20', 305.00, 'Bank Transfer', 'Completed'),
(189, 289, '2024-07-21', 81.00, 'Credit Card', 'Completed'),
(190, 290, '2024-07-22', 45.50, 'PayPal', 'Completed'),
(191, 291, '2024-07-23', 208.00, 'Debit Card', 'Completed'),
(192, 292, '2024-07-24', 640.00, 'Bank Transfer', 'Completed'),
(193, 293, '2024-07-25', 32.50, 'Credit Card', 'Completed'),
(194, 294, '2024-07-26', 148.00, 'PayPal', 'Completed'),
(195, 295, '2024-07-27', 91.75, 'Debit Card', 'Completed'),
(196, 296, '2024-07-28', 390.00, 'Bank Transfer', 'Pending'),
(197, 297, '2024-07-29', 19.00, 'Credit Card', 'Completed'),
(198, 298, '2024-07-30', 103.00, 'PayPal', 'Completed'),
(199, 299, '2024-07-31', 57.00, 'Debit Card', 'Failed'),
(200, 300, '2024-08-01', 230.00, 'Bank Transfer', 'Completed'),
(201, 301, '2024-08-02', 73.00, 'Credit Card', 'Completed'),
(202, 302, '2024-08-03', 42.25, 'PayPal', 'Completed'),
(203, 303, '2024-08-04', 178.00, 'Debit Card', 'Completed'),
(204, 304, '2024-08-05', 620.00, 'Bank Transfer', 'Completed'),
(205, 305, '2024-08-06', 28.50, 'Credit Card', 'Completed'),
(206, 306, '2024-08-07', 133.00, 'PayPal', 'Completed'),
(207, 307, '2024-08-08', 84.75, 'Debit Card', 'Completed'),
(208, 308, '2024-08-09', 375.00, 'Bank Transfer', 'Pending'),
(209, 309, '2024-08-10', 17.00, 'Credit Card', 'Completed'),
(210, 310, '2024-08-11', 94.00, 'PayPal', 'Completed'),
(211, 311, '2024-08-12', 51.00, 'Debit Card', 'Failed'),
(212, 312, '2024-08-13', 218.00, 'Bank Transfer', 'Completed'),
(213, 313, '2024-08-14', 68.00, 'Credit Card', 'Completed'),
(214, 314, '2024-08-15', 38.25, 'PayPal', 'Completed'),
(215, 315, '2024-08-16', 185.00, 'Debit Card', 'Completed'),
(216, 316, '2024-08-17', 590.00, 'Bank Transfer', 'Completed'),
(217, 317, '2024-08-18', 27.50, 'Credit Card', 'Completed'),
(218, 318, '2024-08-19', 128.00, 'PayPal', 'Completed'),
(219, 319, '2024-08-20', 81.25, 'Debit Card', 'Completed'),
(220, 320, '2024-08-21', 455.00, 'Bank Transfer', 'Pending'),
(221, 321, '2024-08-22', 22.50, 'Credit Card', 'Completed'),
(222, 322, '2024-08-23', 114.00, 'PayPal', 'Completed'),
(223, 323, '2024-08-24', 66.00, 'Debit Card', 'Completed'),
(224, 324, '2024-08-25', 315.00, 'Bank Transfer', 'Completed'),
(225, 325, '2024-08-26', 83.00, 'Credit Card', 'Completed'),
(226, 326, '2024-08-27', 47.00, 'PayPal', 'Completed'),
(227, 327, '2024-08-28', 215.00, 'Debit Card', 'Completed'),
(228, 328, '2024-08-29', 670.00, 'Bank Transfer', 'Completed'),
(229, 329, '2024-08-30', 33.50, 'Credit Card', 'Completed'),
(230, 330, '2024-08-31', 157.00, 'PayPal', 'Completed'),
(231, 331, '2024-09-01', 97.75, 'Debit Card', 'Completed'),
(232, 332, '2024-09-02', 400.00, 'Bank Transfer', 'Pending'),
(233, 333, '2024-09-03', 19.50, 'Credit Card', 'Completed'),
(234, 334, '2024-09-04', 104.00, 'PayPal', 'Completed'),
(235, 335, '2024-09-05', 58.00, 'Debit Card', 'Failed'),
(236, 336, '2024-09-06', 238.00, 'Bank Transfer', 'Completed'),
(237, 337, '2024-09-07', 74.00, 'Credit Card', 'Completed'),
(238, 338, '2024-09-08', 41.75, 'PayPal', 'Completed'),
(239, 339, '2024-09-09', 177.00, 'Debit Card', 'Completed'),
(240, 340, '2024-09-10', 610.00, 'Bank Transfer', 'Completed'),
(241, 341, '2024-09-11', 27.00, 'Credit Card', 'Completed'),
(242, 342, '2024-09-12', 125.00, 'PayPal', 'Completed'),
(243, 343, '2024-09-13', 79.25, 'Debit Card', 'Completed'),
(244, 344, '2024-09-14', 445.00, 'Bank Transfer', 'Pending'),
(245, 345, '2024-09-15', 22.25, 'Credit Card', 'Completed'),
(246, 346, '2024-09-16', 113.00, 'PayPal', 'Completed'),
(247, 347, '2024-09-17', 65.00, 'Debit Card', 'Completed'),
(248, 348, '2024-09-18', 310.00, 'Bank Transfer', 'Completed'),
(249, 349, '2024-09-19', 86.00, 'Credit Card', 'Completed'),
(250, 350, '2024-09-20', 49.00, 'PayPal', 'Completed'),
(251, 351, '2024-09-21', 212.00, 'Debit Card', 'Completed'),
(252, 352, '2024-09-22', 690.00, 'Bank Transfer', 'Completed'),
(253, 353, '2024-09-23', 35.00, 'Credit Card', 'Completed'),
(254, 354, '2024-09-24', 160.00, 'PayPal', 'Completed'),
(255, 355, '2024-09-25', 96.25, 'Debit Card', 'Completed'),
(256, 356, '2024-09-26', 395.00, 'Bank Transfer', 'Pending'),
(257, 357, '2024-09-27', 19.75, 'Credit Card', 'Completed'),
(258, 358, '2024-09-28', 106.00, 'PayPal', 'Completed'),
(259, 359, '2024-09-29', 59.00, 'Debit Card', 'Failed'),
(260, 360, '2024-09-30', 233.00, 'Bank Transfer', 'Completed'),
(261, 361, '2024-10-01', 72.00, 'Credit Card', 'Completed'),
(262, 362, '2024-10-02', 41.25, 'PayPal', 'Completed'),
(263, 363, '2024-10-03', 179.00, 'Debit Card', 'Completed'),
(264, 364, '2024-10-04', 630.00, 'Bank Transfer', 'Completed'),
(265, 365, '2024-10-05', 29.00, 'Credit Card', 'Completed'),
(266, 366, '2024-10-06', 137.00, 'PayPal', 'Completed'),
(267, 367, '2024-10-07', 87.50, 'Debit Card', 'Completed'),
(268, 368, '2024-10-08', 385.00, 'Bank Transfer', 'Pending'),
(269, 369, '2024-10-09', 17.50, 'Credit Card', 'Completed'),
(270, 370, '2024-10-10', 98.00, 'PayPal', 'Completed'),
(271, 371, '2024-10-11', 52.00, 'Debit Card', 'Failed'),
(272, 372, '2024-10-12', 223.00, 'Bank Transfer', 'Completed'),
(273, 373, '2024-10-13', 69.00, 'Credit Card', 'Completed'),
(274, 374, '2024-10-14', 39.75, 'PayPal', 'Completed'),
(275, 375, '2024-10-15', 173.00, 'Debit Card', 'Completed'),
(276, 376, '2024-10-16', 600.00, 'Bank Transfer', 'Completed'),
(277, 377, '2024-10-17', 26.75, 'Credit Card', 'Completed'),
(278, 378, '2024-10-18', 124.00, 'PayPal', 'Completed'),
(279, 379, '2024-10-19', 78.25, 'Debit Card', 'Completed'),
(280, 380, '2024-10-20', 450.00, 'Bank Transfer', 'Pending'),
(281, 381, '2024-10-21', 22.00, 'Credit Card', 'Completed'),
(282, 382, '2024-10-22', 112.00, 'PayPal', 'Completed'),
(283, 383, '2024-10-23', 65.00, 'Debit Card', 'Completed'),
(284, 384, '2024-10-24', 315.00, 'Bank Transfer', 'Completed'),
(285, 385, '2024-10-25', 84.00, 'Credit Card', 'Completed'),
(286, 386, '2024-10-26', 47.50, 'PayPal', 'Completed'),
(287, 387, '2024-10-27', 218.00, 'Debit Card', 'Completed'),
(288, 388, '2024-10-28', 680.00, 'Bank Transfer', 'Completed'),
(289, 389, '2024-10-29', 34.50, 'Credit Card', 'Completed'),
(290, 390, '2024-10-30', 158.00, 'PayPal', 'Completed'),
(291, 391, '2024-10-31', 99.25, 'Debit Card', 'Completed'),
(292, 392, '2024-11-01', 405.00, 'Bank Transfer', 'Pending'),
(293, 393, '2024-11-02', 19.25, 'Credit Card', 'Completed'),
(294, 394, '2024-11-03', 102.00, 'PayPal', 'Completed'),
(295, 395, '2024-11-04', 56.00, 'Debit Card', 'Failed'),
(296, 396, '2024-11-05', 233.00, 'Bank Transfer', 'Completed'),
(297, 397, '2024-11-06', 73.00, 'Credit Card', 'Completed'),
(298, 398, '2024-11-07', 41.75, 'PayPal', 'Completed'),
(299, 399, '2024-11-08', 176.00, 'Debit Card', 'Completed'),
(300, 400, '2024-11-09', 620.00, 'Bank Transfer', 'Completed'),
(301, 401, '2024-11-10', 28.00, 'Credit Card', 'Completed'),
(302, 402, '2024-11-11', 130.00, 'PayPal', 'Completed'),
(303, 403, '2024-11-12', 84.25, 'Debit Card', 'Completed'),
(304, 404, '2024-11-13', 380.00, 'Bank Transfer', 'Pending'),
(305, 405, '2024-11-14', 17.75, 'Credit Card', 'Completed'),
(306, 406, '2024-11-15', 97.00, 'PayPal', 'Completed'),
(307, 407, '2024-11-16', 50.00, 'Debit Card', 'Failed'),
(308, 408, '2024-11-17', 220.00, 'Bank Transfer', 'Completed'),
(309, 409, '2024-11-18', 69.00, 'Credit Card', 'Completed'),
(310, 410, '2024-11-19', 39.25, 'PayPal', 'Completed'),
(311, 411, '2024-11-20', 171.00, 'Debit Card', 'Completed'),
(312, 412, '2024-11-21', 590.00, 'Bank Transfer', 'Completed'),
(313, 413, '2024-11-22', 26.50, 'Credit Card', 'Completed'),
(314, 414, '2024-11-23', 126.00, 'PayPal', 'Completed'),
(315, 415, '2024-11-24', 80.75, 'Debit Card', 'Completed'),
(316, 416, '2024-11-25', 460.00, 'Bank Transfer', 'Pending'),
(317, 417, '2024-11-26', 21.25, 'Credit Card', 'Completed'),
(318, 418, '2024-11-27', 110.00, 'PayPal', 'Completed'),
(319, 419, '2024-11-28', 63.00, 'Debit Card', 'Completed'),
(320, 420, '2024-11-29', 300.00, 'Bank Transfer', 'Completed'),
(321, 421, '2024-11-30', 82.00, 'Credit Card', 'Completed'),
(322, 422, '2024-12-01', 46.50, 'PayPal', 'Completed'),
(323, 423, '2024-12-02', 203.00, 'Debit Card', 'Completed'),
(324, 424, '2024-12-03', 650.00, 'Bank Transfer', 'Completed'),
(325, 425, '2024-12-04', 32.75, 'Credit Card', 'Completed'),
(326, 426, '2024-12-05', 150.00, 'PayPal', 'Completed'),
(327, 427, '2024-12-06', 92.25, 'Debit Card', 'Completed'),
(328, 428, '2024-12-07', 410.00, 'Bank Transfer', 'Pending'),
(329, 429, '2024-12-08', 19.00, 'Credit Card', 'Completed'),
(330, 430, '2024-12-09', 104.00, 'PayPal', 'Completed'),
(331, 431, '2024-12-10', 57.00, 'Debit Card', 'Failed'),
(332, 432, '2024-12-11', 236.00, 'Bank Transfer', 'Completed'),
(333, 433, '2024-12-12', 74.00, 'Credit Card', 'Completed'),
(334, 434, '2024-12-13', 42.75, 'PayPal', 'Completed'),
(335, 435, '2024-12-14', 178.00, 'Debit Card', 'Completed'),
(336, 436, '2024-12-15', 610.00, 'Bank Transfer', 'Completed'),
(337, 437, '2024-12-16', 28.50, 'Credit Card', 'Completed'),
(338, 438, '2024-12-17', 134.00, 'PayPal', 'Completed'),
(339, 439, '2024-12-18', 86.25, 'Debit Card', 'Completed'),
(340, 440, '2024-12-19', 385.00, 'Bank Transfer', 'Pending'),
(341, 441, '2024-12-20', 17.25, 'Credit Card', 'Completed'),
(342, 442, '2024-12-21', 95.00, 'PayPal', 'Completed'),
(343, 443, '2024-12-22', 51.00, 'Debit Card', 'Failed'),
(344, 444, '2024-12-23', 228.00, 'Bank Transfer', 'Completed'),
(345, 445, '2024-12-24', 70.00, 'Credit Card', 'Completed'),
(346, 446, '2024-12-25', 40.25, 'PayPal', 'Completed'),
(347, 447, '2024-12-26', 174.00, 'Debit Card', 'Completed'),
(348, 448, '2024-12-27', 600.00, 'Bank Transfer', 'Completed'),
(349, 449, '2024-12-28', 27.50, 'Credit Card', 'Completed'),
(350, 450, '2024-12-29', 129.00, 'PayPal', 'Completed'),
(351, 451, '2024-12-30', 82.75, 'Debit Card', 'Completed'),
(352, 452, '2024-12-31', 455.00, 'Bank Transfer', 'Pending'),
(353, 453, '2025-01-01', 22.75, 'Credit Card', 'Completed'),
(354, 454, '2025-01-02', 116.00, 'PayPal', 'Completed'),
(355, 455, '2025-01-03', 67.00, 'Debit Card', 'Completed'),
(356, 456, '2025-01-04', 320.00, 'Bank Transfer', 'Completed'),
(357, 457, '2025-01-05', 87.00, 'Credit Card', 'Completed'),
(358, 458, '2025-01-06', 49.50, 'PayPal', 'Completed'),
(359, 459, '2025-01-07', 210.00, 'Debit Card', 'Completed'),
(360, 460, '2025-01-08', 670.00, 'Bank Transfer', 'Completed'),
(361, 461, '2025-01-09', 34.00, 'Credit Card', 'Completed'),
(362, 462, '2025-01-10', 155.00, 'PayPal', 'Completed'),
(363, 463, '2025-01-11', 94.75, 'Debit Card', 'Completed'),
(364, 464, '2025-01-12', 395.00, 'Bank Transfer', 'Pending'),
(365, 465, '2025-01-13', 19.50, 'Credit Card', 'Completed'),
(366, 466, '2025-01-14', 103.00, 'PayPal', 'Completed'),
(367, 467, '2025-01-15', 56.00, 'Debit Card', 'Failed'),
(368, 468, '2025-01-16', 238.00, 'Bank Transfer', 'Completed'),
(369, 469, '2025-01-17', 73.00, 'Credit Card', 'Completed'),
(370, 470, '2025-01-18', 41.25, 'PayPal', 'Completed'),
(371, 471, '2025-01-19', 177.00, 'Debit Card', 'Completed'),
(372, 472, '2025-01-20', 610.00, 'Bank Transfer', 'Completed'),
(373, 473, '2025-01-21', 27.00, 'Credit Card', 'Completed'),
(374, 474, '2025-01-22', 125.00, 'PayPal', 'Completed'),
(375, 475, '2025-01-23', 79.25, 'Debit Card', 'Completed'),
(376, 476, '2025-01-24', 445.00, 'Bank Transfer', 'Pending'),
(377, 477, '2025-01-25', 22.25, 'Credit Card', 'Completed'),
(378, 478, '2025-01-26', 113.00, 'PayPal', 'Completed'),
(379, 479, '2025-01-27', 65.00, 'Debit Card', 'Completed'),
(380, 480, '2025-01-28', 310.00, 'Bank Transfer', 'Completed'),
(381, 481, '2025-01-29', 86.00, 'Credit Card', 'Completed'),
(382, 482, '2025-01-30', 49.00, 'PayPal', 'Completed'),
(383, 483, '2025-01-31', 212.00, 'Debit Card', 'Completed'),
(384, 484, '2025-02-01', 690.00, 'Bank Transfer', 'Completed'),
(385, 485, '2025-02-02', 35.00, 'Credit Card', 'Completed'),
(386, 486, '2025-02-03', 160.00, 'PayPal', 'Completed'),
(387, 487, '2025-02-04', 96.25, 'Debit Card', 'Completed'),
(388, 488, '2025-02-05', 395.00, 'Bank Transfer', 'Pending'),
(389, 489, '2025-02-06', 19.75, 'Credit Card', 'Completed'),
(390, 490, '2025-02-07', 106.00, 'PayPal', 'Completed'),
(391, 491, '2025-02-08', 59.00, 'Debit Card', 'Failed'),
(392, 492, '2025-02-09', 233.00, 'Bank Transfer', 'Completed'),
(393, 493, '2025-02-10', 72.00, 'Credit Card', 'Completed'),
(394, 494, '2025-02-11', 41.25, 'PayPal', 'Completed'),
(395, 495, '2025-02-12', 179.00, 'Debit Card', 'Completed'),
(396, 496, '2025-02-13', 630.00, 'Bank Transfer', 'Completed'),
(397, 497, '2025-02-14', 29.00, 'Credit Card', 'Completed'),
(398, 498, '2025-02-15', 137.00, 'PayPal', 'Completed'),
(399, 499, '2025-02-16', 87.50, 'Debit Card', 'Completed'),
(400, 500, '2025-02-17', 385.00, 'Bank Transfer', 'Pending'),
(401, 500, '2025-02-18', 17.50, 'Credit Card', 'Completed'),
(402, 499, '2025-02-19', 98.00, 'PayPal', 'Completed'),
(403, 203, '2025-02-20', 52.00, 'Debit Card', 'Failed'),
(404, 304, '2025-02-21', 223.00, 'Bank Transfer', 'Completed'),
(405, 405, '2025-02-22', 69.00, 'Credit Card', 'Completed'),
(406, 206, '2025-02-23', 39.75, 'PayPal', 'Completed'),
(407, 107, '2025-02-24', 173.00, 'Debit Card', 'Completed'),
(408, 108, '2025-02-25', 600.00, 'Bank Transfer', 'Completed'),
(409, 209, '2025-02-26', 26.75, 'Credit Card', 'Completed'),
(410, 310, '2025-02-27', 124.00, 'PayPal', 'Completed'),
(411, 311, '2025-02-28', 78.25, 'Debit Card', 'Completed'),
(412, 412, '2025-03-01', 450.00, 'Bank Transfer', 'Pending'),
(413, 413, '2025-03-02', 22.00, 'Credit Card', 'Completed'),
(414, 114, '2025-03-03', 112.00, 'PayPal', 'Completed'),
(415, 215, '2025-03-04', 65.00, 'Debit Card', 'Completed'),
(416, 316, '2025-03-05', 315.00, 'Bank Transfer', 'Completed'),
(417, 417, '2025-03-06', 84.00, 'Credit Card', 'Completed'),
(418, 118, '2025-03-07', 47.50, 'PayPal', 'Completed'),
(419, 219, '2025-03-08', 218.00, 'Debit Card', 'Completed'),
(420, 320, '2025-03-09', 680.00, 'Bank Transfer', 'Completed'),
(421, 421, '2025-03-10', 34.50, 'Credit Card', 'Completed'),
(422, 322, '2025-03-11', 158.00, 'PayPal', 'Completed'),
(423, 323, '2025-03-12', 99.25, 'Debit Card', 'Completed'),
(424, 224, '2025-03-13', 405.00, 'Bank Transfer', 'Pending'),
(425, 225, '2025-03-14', 19.25, 'Credit Card', 'Completed'),
(426, 126, '2025-03-15', 102.00, 'PayPal', 'Completed'),
(427, 127, '2025-03-16', 56.00, 'Debit Card', 'Failed'),
(428, 428, '2025-03-17', 233.00, 'Bank Transfer', 'Completed'),
(429, 429, '2025-03-18', 73.00, 'Credit Card', 'Completed'),
(430, 230, '2025-03-19', 41.75, 'PayPal', 'Completed'),
(431, 231, '2025-03-20', 176.00, 'Debit Card', 'Completed'),
(432, 232, '2025-03-21', 620.00, 'Bank Transfer', 'Completed'),
(433, 333, '2025-03-22', 28.00, 'Credit Card', 'Completed'),
(434, 334, '2025-03-23', 130.00, 'PayPal', 'Completed'),
(435, 335, '2025-03-24', 84.25, 'Debit Card', 'Completed'),
(436, 136, '2025-03-25', 380.00, 'Bank Transfer', 'Pending'),
(437, 137, '2025-03-26', 17.75, 'Credit Card', 'Completed'),
(438, 138, '2025-03-27', 97.00, 'PayPal', 'Completed'),
(439, 239, '2025-03-28', 50.00, 'Debit Card', 'Failed'),
(440, 440, '2025-03-29', 220.00, 'Bank Transfer', 'Completed'),
(441, 441, '2025-03-30', 69.00, 'Credit Card', 'Completed'),
(442, 442, '2025-03-31', 39.25, 'PayPal', 'Completed'),
(443, 43, '2025-04-01', 171.00, 'Debit Card', 'Completed'),
(444, 44, '2025-04-02', 590.00, 'Bank Transfer', 'Completed'),
(445, 45, '2025-04-03', 26.50, 'Credit Card', 'Completed'),
(446, 46, '2025-04-04', 126.00, 'PayPal', 'Completed'),
(447, 247, '2025-04-05', 80.75, 'Debit Card', 'Completed'),
(448, 348, '2025-04-06', 460.00, 'Bank Transfer', 'Pending'),
(449, 449, '2025-04-07', 21.25, 'Credit Card', 'Completed'),
(450, 350, '2025-04-08', 110.00, 'PayPal', 'Completed'),
(451, 351, '2025-04-09', 63.00, 'Debit Card', 'Completed'),
(452, 352, '2025-04-10', 300.00, 'Bank Transfer', 'Completed'),
(453, 353, '2025-04-11', 82.00, 'Credit Card', 'Completed'),
(454, 354, '2025-04-12', 46.50, 'PayPal', 'Completed'),
(455, 255, '2025-04-13', 203.00, 'Debit Card', 'Completed'),
(456, 256, '2025-04-14', 650.00, 'Bank Transfer', 'Completed'),
(457, 257, '2025-04-15', 32.75, 'Credit Card', 'Completed'),
(458, 258, '2025-04-16', 150.00, 'PayPal', 'Completed'),
(459, 259, '2025-04-17', 92.25, 'Debit Card', 'Completed'),
(460, 160, '2025-04-18', 410.00, 'Bank Transfer', 'Pending'),
(461, 161, '2025-04-19', 19.00, 'Credit Card', 'Completed'),
(462, 162, '2025-04-20', 104.00, 'PayPal', 'Completed'),
(463, 163, '2025-04-21', 57.00, 'Debit Card', 'Failed'),
(464, 164, '2025-04-22', 236.00, 'Bank Transfer', 'Completed'),
(465, 165, '2025-04-23', 74.00, 'Credit Card', 'Completed'),
(466, 166, '2025-04-24', 42.75, 'PayPal', 'Completed'),
(467, 167, '2025-04-25', 178.00, 'Debit Card', 'Completed'),
(468, 168, '2025-04-26', 610.00, 'Bank Transfer', 'Completed'),
(469, 69, '2025-04-27', 28.50, 'Credit Card', 'Completed'),
(470, 70, '2025-04-28', 134.00, 'PayPal', 'Completed'),
(471, 71, '2025-04-29', 86.25, 'Debit Card', 'Completed'),
(472, 72, '2025-04-30', 385.00, 'Bank Transfer', 'Pending'),
(473, 73, '2025-05-01', 17.25, 'Credit Card', 'Completed'),
(474, 474, '2025-05-02', 95.00, 'PayPal', 'Completed'),
(475, 175, '2025-05-03', 51.00, 'Debit Card', 'Failed'),
(476, 476, '2025-05-04', 228.00, 'Bank Transfer', 'Completed'),
(477, 277, '2025-05-05', 70.00, 'Credit Card', 'Completed'),
(478, 378, '2025-05-06', 40.25, 'PayPal', 'Completed'),
(479, 379, '2025-05-07', 174.00, 'Debit Card', 'Completed'),
(480, 180, '2025-05-08', 600.00, 'Bank Transfer', 'Completed'),
(481, 181, '2025-05-09', 27.50, 'Credit Card', 'Completed'),
(482, 482, '2025-05-10', 129.00, 'PayPal', 'Completed'),
(483, 283, '2025-05-11', 82.75, 'Debit Card', 'Completed'),
(484, 384, '2025-05-12', 455.00, 'Bank Transfer', 'Pending'),
(485, 185, '2025-05-13', 22.75, 'Credit Card', 'Completed'),
(486, 486, '2025-05-14', 116.00, 'PayPal', 'Completed'),
(487, 387, '2025-05-15', 67.00, 'Debit Card', 'Completed'),
(488, 288, '2025-05-16', 320.00, 'Bank Transfer', 'Completed'),
(489, 189, '2025-05-17', 87.00, 'Credit Card', 'Completed'),
(490, 190, '2025-05-18', 49.50, 'PayPal', 'Completed'),
(491, 191, '2025-05-19', 210.00, 'Debit Card', 'Completed'),
(492, 192, '2025-05-20', 670.00, 'Bank Transfer', 'Completed'),
(493, 293, '2025-05-21', 34.00, 'Credit Card', 'Completed'),
(494, 294, '2025-05-22', 155.00, 'PayPal', 'Completed'),
(495, 495, '2025-05-23', 94.75, 'Debit Card', 'Completed'),
(496, 496, '2025-05-24', 395.00, 'Bank Transfer', 'Pending'),
(497, 397, '2025-05-25', 19.50, 'Credit Card', 'Completed'),
(498, 398, '2025-05-26', 103.00, 'PayPal', 'Completed'),
(499, 399, '2025-05-27', 56.00, 'Debit Card', 'Failed'),
(500, 100, '2025-05-28', 238.00, 'Bank Transfer', 'Completed');

INSERT INTO products (product_id, name, description, price, stock_quantity, category) VALUES
(1, 'Product 1', 'Description 1', 10.99, 100, 'Category A'),
(2, 'Product 2', 'Description 2', 19.99, 50, 'Category B'),
(3, 'Product 3', 'Description 3', 25.00, 200, 'Category A'),
(4, 'Product 4', 'Description 4', 15.50, 75, 'Category C'),
(5, 'Product 5', 'Description 5', 30.00, 30, 'Category B'),
(6, 'Product 6', 'Description 6', 12.75, 120, 'Category A'),
(7, 'Product 7', 'Description 7', 22.50, 60, 'Category C'),
(8, 'Product 8', 'Description 8', 18.00, 90, 'Category B'),
(9, 'Product 9', 'Description 9', 27.50, 40, 'Category A'),
(10, 'Product 10', 'Description 10', 14.25, 110, 'Category C'),
(11, 'Product 11', 'Description 11', 21.00, 55, 'Category B'),
(12, 'Product 12', 'Description 12', 17.00, 85, 'Category A'),
(13, 'Product 13', 'Description 13', 26.00, 35, 'Category C'),
(14, 'Product 14', 'Description 14', 13.50, 105, 'Category B'),
(15, 'Product 15', 'Description 15', 23.00, 65, 'Category A'),
(16, 'Product 16', 'Description 16', 19.00, 80, 'Category C'),
(17, 'Product 17', 'Description 17', 28.50, 45, 'Category B'),
(18, 'Product 18', 'Description 18', 16.00, 115, 'Category A'),
(19, 'Product 19', 'Description 19', 24.00, 70, 'Category C'),
(20, 'Product 20', 'Description 20', 12.00, 100, 'Category B'),
(21, 'Product 21', 'Description 21', 11.50, 125, 'Category A'),
(22, 'Product 22', 'Description 22', 20.50, 60, 'Category C'),
(23, 'Product 23', 'Description 23', 18.75, 95, 'Category B'),
(24, 'Product 24', 'Description 24', 27.00, 40, 'Category A'),
(25, 'Product 25', 'Description 25', 14.00, 110, 'Category C'),
(26, 'Product 26', 'Description 26', 22.00, 50, 'Category B'),
(27, 'Product 27', 'Description 27', 17.50, 88, 'Category A'),
(28, 'Product 28', 'Description 28', 25.50, 30, 'Category C'),
(29, 'Product 29', 'Description 29', 13.00, 102, 'Category B'),
(30, 'Product 30', 'Description 30', 21.50, 72, 'Category A'),
(31, 'Product 31', 'Description 31', 10.99, 100, 'Category C'),
(32, 'Product 32', 'Description 32', 19.99, 50, 'Category B'),
(33, 'Product 33', 'Description 33', 25.00, 200, 'Category A'),
(34, 'Product 34', 'Description 34', 15.50, 75, 'Category C'),
(35, 'Product 35', 'Description 35', 30.00, 30, 'Category B'),
(36, 'Product 36', 'Description 36', 12.75, 120, 'Category A'),
(37, 'Product 37', 'Description 37', 22.50, 60, 'Category C'),
(38, 'Product 38', 'Description 38', 18.00, 90, 'Category B'),
(39, 'Product 39', 'Description 39', 27.50, 40, 'Category A'),
(40, 'Product 40', 'Description 40', 14.25, 110, 'Category C'),
(41, 'Product 41', 'Description 41', 21.00, 55, 'Category B'),
(42, 'Product 42', 'Description 42', 17.00, 85, 'Category A'),
(43, 'Product 43', 'Description 43', 26.00, 35, 'Category C'),
(44, 'Product 44', 'Description 44', 13.50, 105, 'Category B'),
(45, 'Product 45', 'Description 45', 23.00, 65, 'Category A'),
(46, 'Product 46', 'Description 46', 19.00, 80, 'Category C'),
(47, 'Product 47', 'Description 47', 28.50, 45, 'Category B'),
(48, 'Product 48', 'Description 48', 16.00, 115, 'Category A'),
(49, 'Product 49', 'Description 49', 24.00, 70, 'Category C'),
(50, 'Product 50', 'Description 50', 12.00, 100, 'Category B'),
(51, 'Product 51', 'Description 51', 11.50, 125, 'Category A'),
(52, 'Product 52', 'Description 52', 20.50, 60, 'Category C'),
(53, 'Product 53', 'Description 53', 18.75, 95, 'Category B'),
(54, 'Product 54', 'Description 54', 27.00, 40, 'Category A'),
(55, 'Product 55', 'Description 55', 14.00, 110, 'Category C'),
(56, 'Product 56', 'Description 56', 22.00, 50, 'Category B'),
(57, 'Product 57', 'Description 57', 17.50, 88, 'Category A'),
(58, 'Product 58', 'Description 58', 25.50, 30, 'Category C'),
(59, 'Product 59', 'Description 59', 13.00, 102, 'Category B'),
(60, 'Product 60', 'Description 60', 21.50, 72, 'Category A'),
(61, 'Product 61', 'Description 61', 10.99, 100, 'Category A'),
(62, 'Product 62', 'Description 62', 19.99, 50, 'Category B'),
(63, 'Product 63', 'Description 63', 25.00, 200, 'Category A'),
(64, 'Product 64', 'Description 64', 15.50, 75, 'Category C'),
(65, 'Product 65', 'Description 65', 30.00, 30, 'Category B'),
(66, 'Product 66', 'Description 66', 12.75, 120, 'Category A'),
(67, 'Product 67', 'Description 67', 22.50, 60, 'Category C'),
(68, 'Product 68', 'Description 68', 18.00, 90, 'Category B'),
(69, 'Product 69', 'Description 69', 27.50, 40, 'Category A'),
(70, 'Product 70', 'Description 70', 14.25, 110, 'Category C'),
(71, 'Product 71', 'Description 71', 21.00, 55, 'Category B'),
(72, 'Product 72', 'Description 72', 17.00, 85, 'Category A'),
(73, 'Product 73', 'Description 73', 26.00, 35, 'Category C'),
(74, 'Product 74', 'Description 74', 13.50, 105, 'Category B'),
(75, 'Product 75', 'Description 75', 23.00, 65, 'Category A'),
(76, 'Product 76', 'Description 76', 19.00, 80, 'Category C'),
(77, 'Product 77', 'Description 77', 28.50, 45, 'Category B'),
(78, 'Product 78', 'Description 78', 16.00, 115, 'Category A'),
(79, 'Product 79', 'Description 79', 24.00, 70, 'Category C'),
(80, 'Product 80', 'Description 80', 12.00, 100, 'Category B'),
(81, 'Product 81', 'Description 81', 11.50, 125, 'Category A'),
(82, 'Product 82', 'Description 82', 20.50, 60, 'Category C'),
(83, 'Product 83', 'Description 83', 18.75, 95, 'Category B'),
(84, 'Product 84', 'Description 84', 27.00, 40, 'Category A'),
(85, 'Product 85', 'Description 85', 14.00, 110, 'Category C'),
(86, 'Product 86', 'Description 86', 22.00, 50, 'Category B'),
(87, 'Product 87', 'Description 87', 17.50, 88, 'Category A'),
(88, 'Product 88', 'Description 88', 25.50, 30, 'Category C'),
(89, 'Product 89', 'Description 89', 13.00, 102, 'Category B'),
(90, 'Product 90', 'Description 90', 21.50, 72, 'Category A'),
(91, 'Product 91', 'Description 91', 10.99, 100, 'Category C'),
(92, 'Product 92', 'Description 92', 19.99, 50, 'Category B'),
(93, 'Product 93', 'Description 93', 25.00, 200, 'Category A'),
(94, 'Product 94', 'Description 94', 15.50, 75, 'Category C'),
(95, 'Product 95', 'Description 95', 30.00, 30, 'Category B'),
(96, 'Product 96', 'Description 96', 12.75, 120, 'Category A'),
(97, 'Product 97', 'Description 97', 22.50, 60, 'Category C'),
(98, 'Product 98', 'Description 98', 18.00, 90, 'Category B'),
(99, 'Product 99', 'Description 99', 27.50, 40, 'Category A'),
(100, 'Product 100', 'Description 100', 14.25, 110, 'Category C'),
(101, 'Product 101', 'Description 101', 21.00, 55, 'Category B'),
(102, 'Product 102', 'Description 102', 17.00, 85, 'Category A'),
(103, 'Product 103', 'Description 103', 26.00, 35, 'Category C'),
(104, 'Product 104', 'Description 104', 13.50, 105, 'Category B'),
(105, 'Product 105', 'Description 105', 23.00, 65, 'Category A'),
(106, 'Product 106', 'Description 106', 19.00, 80, 'Category C'),
(107, 'Product 107', 'Description 107', 28.50, 45, 'Category B'),
(108, 'Product 108', 'Description 108', 16.00, 115, 'Category A'),
(109, 'Product 109', 'Description 109', 24.00, 70, 'Category C'),
(110, 'Product 110', 'Description 110', 12.00, 100, 'Category B'),
(111, 'Product 111', 'Description 111', 11.50, 125, 'Category A'),
(112, 'Product 112', 'Description 112', 20.50, 60, 'Category C'),
(113, 'Product 113', 'Description 113', 18.75, 95, 'Category B'),
(114, 'Product 114', 'Description 114', 27.00, 40, 'Category A'),
(115, 'Product 115', 'Description 115', 14.00, 110, 'Category C'),
(116, 'Product 116', 'Description 116', 22.00, 50, 'Category B'),
(117, 'Product 117', 'Description 117', 17.50, 88, 'Category A'),
(118, 'Product 118', 'Description 118', 25.50, 30, 'Category C'),
(119, 'Product 119', 'Description 119', 13.00, 102, 'Category B'),
(120, 'Product 120', 'Description 120', 21.50, 72, 'Category A'),
(121, 'Product 121', 'Description 121', 10.99, 100, 'Category A'),
(122, 'Product 122', 'Description 122', 19.99, 50, 'Category B'),
(123, 'Product 123', 'Description 123', 25.00, 200, 'Category A'),
(124, 'Product 124', 'Description 124', 15.50, 75, 'Category C'),
(125, 'Product 125', 'Description 125', 30.00, 30, 'Category B'),
(126, 'Product 126', 'Description 126', 12.75, 120, 'Category A'),
(127, 'Product 127', 'Description 127', 22.50, 60, 'Category C'),
(128, 'Product 128', 'Description 128', 18.00, 90, 'Category B'),
(129, 'Product 129', 'Description 129', 27.50, 40, 'Category A'),
(130, 'Product 130', 'Description 130', 14.25, 110, 'Category C'),
(131, 'Product 131', 'Description 131', 21.00, 55, 'Category B'),
(132, 'Product 132', 'Description 132', 17.00, 85, 'Category A'),
(133, 'Product 133', 'Description 133', 26.00, 35, 'Category C'),
(134, 'Product 134', 'Description 134', 13.50, 105, 'Category B'),
(135, 'Product 135', 'Description 135', 23.00, 65, 'Category A'),
(136, 'Product 136', 'Description 136', 19.00, 80, 'Category C'),
(137, 'Product 137', 'Description 137', 28.50, 45, 'Category B'),
(138, 'Product 138', 'Description 138', 16.00, 115, 'Category A'),
(139, 'Product 139', 'Description 139', 24.00, 70, 'Category C'),
(140, 'Product 140', 'Description 140', 12.00, 100, 'Category B'),
(141, 'Product 141', 'Description 141', 11.50, 125, 'Category A'),
(142, 'Product 142', 'Description 142', 20.50, 60, 'Category C'),
(143, 'Product 143', 'Description 143', 18.75, 95, 'Category B'),
(144, 'Product 144', 'Description 144', 27.00, 40, 'Category A'),
(145, 'Product 145', 'Description 145', 14.00, 110, 'Category C'),
(146, 'Product 146', 'Description 146', 22.00, 50, 'Category B'),
(147, 'Product 147', 'Description 147', 17.50, 88, 'Category A'),
(148, 'Product 148', 'Description 148', 25.50, 30, 'Category C'),
(149, 'Product 149', 'Description 149', 13.00, 102, 'Category B'),
(150, 'Product 150', 'Description 150', 21.50, 72, 'Category A'),
(151, 'Product 151', 'Description 151', 10.99, 100, 'Category C'),
(152, 'Product 152', 'Description 152', 19.99, 50, 'Category B'),
(153, 'Product 153', 'Description 153', 25.00, 200, 'Category A'),
(154, 'Product 154', 'Description 154', 15.50, 75, 'Category C'),
(155, 'Product 155', 'Description 155', 30.00, 30, 'Category B'),
(156, 'Product 156', 'Description 156', 12.75, 120, 'Category A'),
(157, 'Product 157', 'Description 157', 22.50, 60, 'Category C'),
(158, 'Product 158', 'Description 158', 18.00, 90, 'Category B'),
(159, 'Product 159', 'Description 159', 27.50, 40, 'Category A'),
(160, 'Product 160', 'Description 160', 14.25, 110, 'Category C'),
(161, 'Product 161', 'Description 161', 21.00, 55, 'Category B'),
(162, 'Product 162', 'Description 162', 17.00, 85, 'Category A'),
(163, 'Product 163', 'Description 163', 26.00, 35, 'Category C'),
(164, 'Product 164', 'Description 164', 13.50, 105, 'Category B'),
(165, 'Product 165', 'Description 165', 23.00, 65, 'Category A'),
(166, 'Product 166', 'Description 166', 19.00, 80, 'Category C'),
(167, 'Product 167', 'Description 167', 28.50, 45, 'Category B'),
(168, 'Product 168', 'Description 168', 16.00, 115, 'Category A'),
(169, 'Product 169', 'Description 169', 24.00, 70, 'Category C'),
(170, 'Product 170', 'Description 170', 12.00, 100, 'Category B'),
(171, 'Product 171', 'Description 171', 11.50, 125, 'Category A'),
(172, 'Product 172', 'Description 172', 20.50, 60, 'Category C'),
(173, 'Product 173', 'Description 173', 18.75, 95, 'Category B'),
(174, 'Product 174', 'Description 174', 27.00, 40, 'Category A'),
(175, 'Product 175', 'Description 175', 14.00, 110, 'Category C'),
(176, 'Product 176', 'Description 176', 22.00, 50, 'Category B'),
(177, 'Product 177', 'Description 177', 17.50, 88, 'Category A'),
(178, 'Product 178', 'Description 178', 25.50, 30, 'Category C'),
(179, 'Product 179', 'Description 179', 13.00, 102, 'Category B'),
(180,'Product 180', 'Description 180', 21.50, 72, 'Category A'),
(181, 'Product 181', 'Description 181', 10.99, 100, 'Category C'),
(182, 'Product 182', 'Description 182', 19.99, 50, 'Category B'),
(183, 'Product 183', 'Description 183', 25.00, 200, 'Category A'),
(184, 'Product 184', 'Description 184', 15.50, 75, 'Category C'),
(185, 'Product 185', 'Description 185', 30.00, 30, 'Category B'),
(186, 'Product 186', 'Description 186', 12.75, 120, 'Category A'),
(187, 'Product 187', 'Description 187', 22.50, 60, 'Category C'),
(188, 'Product 188', 'Description 188', 18.00, 90, 'Category B'),
(189, 'Product 189', 'Description 189', 27.50, 40, 'Category A'),
(190, 'Product 190', 'Description 190', 14.25, 110, 'Category C'),
(191, 'Product 191', 'Description 191', 21.00, 55, 'Category B'),
(192, 'Product 192', 'Description 192', 17.00, 85, 'Category A'),
(193, 'Product 193', 'Description 193', 26.00, 35, 'Category C'),
(194, 'Product 194', 'Description 194', 13.50, 105, 'Category B'),
(195, 'Product 195', 'Description 195', 23.00, 65, 'Category A'),
(196, 'Product 196', 'Description 196', 19.00, 80, 'Category C'),
(197, 'Product 197', 'Description 197', 28.50, 45, 'Category B'),
(198, 'Product 198', 'Description 198', 16.00, 115, 'Category A'),
(199, 'Product 199', 'Description 199', 24.00, 70, 'Category C'),
(200, 'Product 200', 'Description 200', 12.00, 100, 'Category B'),
(201, 'Product 201', 'Description 201', 11.50, 125, 'Category A'),
(202, 'Product 202', 'Description 202', 20.50, 60, 'Category C'),
(203, 'Product 203', 'Description 203', 18.75, 95, 'Category B'),
(204, 'Product 204', 'Description 204', 27.00, 40, 'Category A'),
(205, 'Product 205', 'Description 205', 14.00, 110, 'Category C'),
(206, 'Product 206', 'Description 206', 22.00, 50, 'Category B'),
(207, 'Product 207', 'Description 207', 17.50, 88, 'Category A'),
(208, 'Product 208', 'Description 208', 25.50, 30, 'Category C'),
(209, 'Product 209', 'Description 209', 13.00, 102, 'Category B'),
(210, 'Product 210', 'Description 210', 21.50, 72, 'Category A'),
(211, 'Product 211', 'Description 211', 10.99, 100, 'Category A'),
(212, 'Product 212', 'Description 212', 19.99, 50, 'Category B'),
(213, 'Product 213', 'Description 213', 25.00, 200, 'Category A'),
(214, 'Product 214', 'Description 214', 15.50, 75, 'Category C'),
(215, 'Product 215', 'Description 215', 30.00, 30, 'Category B'),
(216, 'Product 216', 'Description 216', 12.75, 120, 'Category A'),
(217, 'Product 217', 'Description 217', 22.50, 60, 'Category C'),
(218, 'Product 218', 'Description 218', 18.00, 90, 'Category B'),
(219, 'Product 219', 'Description 219', 27.50, 40, 'Category A'),
(220, 'Product 220', 'Description 220', 14.25, 110, 'Category C'),
(221, 'Product 221', 'Description 221', 21.00, 55, 'Category B'),
(222, 'Product 222', 'Description 222', 17.00, 85, 'Category A'),
(223, 'Product 223', 'Description 223', 26.00, 35, 'Category C'),
(224, 'Product 224', 'Description 224', 13.50, 105, 'Category B'),
(225, 'Product 225', 'Description 225', 23.00, 65, 'Category A'),
(226, 'Product 226', 'Description 226', 19.00, 80, 'Category C'),
(227, 'Product 227', 'Description 227', 28.50, 45, 'Category B'),
(228, 'Product 228', 'Description 228', 16.00, 115, 'Category A'),
(229, 'Product 229', 'Description 229', 24.00, 70, 'Category C'),
(230, 'Product 230', 'Description 230', 12.00, 100, 'Category B'),
(231, 'Product 231', 'Description 231', 11.50, 125, 'Category A'),
(232, 'Product 232', 'Description 232', 20.50, 60, 'Category C'),
(233, 'Product 233', 'Description 233', 18.75, 95, 'Category B'),
(234, 'Product 234', 'Description 234', 27.00, 40, 'Category A'),
(235, 'Product 235', 'Description 235', 14.00, 110, 'Category C'),
(236, 'Product 236', 'Description 236', 22.00, 50, 'Category B'),
(237, 'Product 237', 'Description 237', 17.50, 88, 'Category A'),
(238, 'Product 238', 'Description 238', 25.50, 30, 'Category C'),
(239, 'Product 239', 'Description 239', 13.00, 102, 'Category B'),
(240, 'Product 240', 'Description 240', 21.50, 72, 'Category A'),
(241, 'Product 241', 'Description 241', 10.99, 100, 'Category C'),
(242, 'Product 242', 'Description 242', 19.99, 50, 'Category B'),
(243, 'Product 243', 'Description 243', 25.00, 200, 'Category A'),
(244, 'Product 244', 'Description 244', 15.50, 75, 'Category C'),
(245, 'Product 245', 'Description 245', 30.00, 30, 'Category B'),
(246, 'Product 246', 'Description 246', 12.75, 120, 'Category A'),
(247, 'Product 247', 'Description 247', 22.50, 60, 'Category C'),
(248, 'Product 248', 'Description 248', 18.00, 90, 'Category B'),
(249, 'Product 249', 'Description 249', 27.50, 40, 'Category A'),
(250, 'Product 250', 'Description 250', 14.25, 110, 'Category C'),
(251, 'Product 251', 'Description 251', 21.00, 55, 'Category B'),
(252, 'Product 252', 'Description 252', 17.00, 85, 'Category A'),
(253, 'Product 253', 'Description 253', 26.00, 35, 'Category C'),
(254, 'Product 254', 'Description 254', 13.50, 105, 'Category B'),
(255, 'Product 255', 'Description 255', 23.00, 65, 'Category A'),
(256, 'Product 256', 'Description 256', 19.00, 80, 'Category C'),
(257, 'Product 257', 'Description 257', 28.50, 45, 'Category B'),
(258, 'Product 258', 'Description 258', 16.00, 115, 'Category A'),
(259, 'Product 259', 'Description 259', 24.00, 70, 'Category C'),
(260, 'Product 260', 'Description 260', 12.00, 100, 'Category B'),
(261, 'Product 261', 'Description 261', 11.50, 125, 'Category A'),
(262, 'Product 262', 'Description 262', 20.50, 60, 'Category C'),
(263, 'Product 263', 'Description 263', 18.75, 95, 'Category B'),
(264, 'Product 264', 'Description 264', 27.00, 40, 'Category A'),
(265, 'Product 265', 'Description 265', 14.00, 110, 'Category C'),
(266, 'Product 266', 'Description 266', 22.00, 50, 'Category B'),
(267, 'Product 267', 'Description 267', 17.50, 88, 'Category A'),
(268, 'Product 268', 'Description 268', 25.50, 30, 'Category C'),
(269, 'Product 269', 'Description 269', 13.00, 102, 'Category B'),
(270, 'Product 270', 'Description 270', 21.50, 72, 'Category A'),
(271, 'Product 271', 'Description 271', 10.99, 100, 'Category A'),
(272, 'Product 272', 'Description 272', 19.99, 50, 'Category B'),
(273, 'Product 273', 'Description 273', 25.00, 200, 'Category A'),
(274, 'Product 274', 'Description 274', 15.50, 75, 'Category C'),
(275, 'Product 275', 'Description 275', 30.00, 30, 'Category B'),
(276, 'Product 276', 'Description 276', 12.75, 120, 'Category A'),
(277, 'Product 277', 'Description 277', 22.50, 60, 'Category C'),
(278, 'Product 278', 'Description 278', 18.00, 90, 'Category B'),
(279, 'Product 279', 'Description 279', 27.50, 40, 'Category A'),
(280, 'Product 280', 'Description 280', 14.25, 110, 'Category C'),
(281, 'Product 281', 'Description 281', 21.00, 55, 'Category B'),
(282, 'Product 282', 'Description 282', 17.00, 85, 'Category A'),
(283, 'Product 283', 'Description 283', 26.00, 35, 'Category C'),
(284, 'Product 284', 'Description 284', 13.50, 105, 'Category B'),
(285, 'Product 285', 'Description 285', 23.00, 65, 'Category A'),
(286, 'Product 286', 'Description 286', 19.00, 80, 'Category C'),
(287, 'Product 287', 'Description 287', 28.50, 45, 'Category B'),
(288, 'Product 288', 'Description 288', 16.00, 115, 'Category A'),
(289, 'Product 289', 'Description 289', 24.00, 70, 'Category C'),
(290, 'Product 290', 'Description 290', 12.00, 100, 'Category B'),
(291, 'Product 291', 'Description 291', 11.50, 125, 'Category A'),
(292, 'Product 292', 'Description 292', 20.50, 60, 'Category C'),
(293, 'Product 293', 'Description 293', 18.75, 95, 'Category B'),
(294, 'Product 294', 'Description 294', 27.00, 40, 'Category A'),
(295, 'Product 295', 'Description 295', 14.00, 110, 'Category C'),
(296, 'Product 296', 'Description 296', 22.00, 50, 'Category B'),
(297, 'Product 297', 'Description 297', 17.50, 88, 'Category A'),
(298, 'Product 298', 'Description 298', 25.50, 30, 'Category C'),
(299, 'Product 299', 'Description 299', 13.00, 102, 'Category B'),
(300, 'Product 300', 'Description 300', 21.50, 72, 'Category A'),
(301, 'Product 301', 'Description 301', 10.99, 100, 'Category C'),
(302, 'Product 302', 'Description 302', 19.99, 50, 'Category B'),
(303, 'Product 303', 'Description 303', 25.00, 200, 'Category A'),
(304, 'Product 304', 'Description 304', 15.50, 75, 'Category C'),
(305, 'Product 305', 'Description 305', 30.00, 30, 'Category B'),
(306, 'Product 306', 'Description 306', 12.75, 120, 'Category A'),
(307, 'Product 307', 'Description 307', 22.50, 60, 'Category C'),
(308, 'Product 308', 'Description 308', 18.00, 90, 'Category B'),
(309, 'Product 309', 'Description 309', 27.50, 40, 'Category A'),
(310, 'Product 310', 'Description 310', 14.25, 110, 'Category C'),
(311, 'Product 311', 'Description 311', 21.00, 55, 'Category B'),
(312, 'Product 312', 'Description 312', 17.00, 85, 'Category A'),
(313, 'Product 313', 'Description 313', 26.00, 35, 'Category C'),
(314, 'Product 314', 'Description 314', 13.50, 105, 'Category B'),
(315, 'Product 315', 'Description 315', 23.00, 65, 'Category A'),
(316, 'Product 316', 'Description 316', 19.00, 80, 'Category C'),
(317, 'Product 317', 'Description 317', 28.50, 45, 'Category B'),
(318, 'Product 318', 'Description 318', 16.00, 115, 'Category A'),
(319, 'Product 319', 'Description 319', 24.00, 70, 'Category C'),
(320, 'Product 320', 'Description 320', 12.00, 100, 'Category B'),
(321, 'Product 321', 'Description 321', 11.50, 125, 'Category A'),
(322, 'Product 322', 'Description 322', 20.50, 60, 'Category C'),
(323, 'Product 323', 'Description 323', 18.75, 95, 'Category B'),
(324, 'Product 324', 'Description 324', 27.00, 40, 'Category A'),
(325, 'Product 325', 'Description 325', 14.00, 110, 'Category C'),
(326, 'Product 326', 'Description 326', 22.00, 50, 'Category B'),
(327, 'Product 327', 'Description 327', 17.50, 88, 'Category A'),
(328, 'Product 328', 'Description 328', 25.50, 30, 'Category C'),
(329, 'Product 329', 'Description 329', 13.00, 102, 'Category B'),
(330, 'Product 330', 'Description 330', 21.50, 72, 'Category A'),
(331, 'Product 331', 'Description 331', 10.99, 100, 'Category C'),
(332, 'Product 332', 'Description 332', 19.99, 50, 'Category B'),
(333, 'Product 333', 'Description 333', 25.00, 200, 'Category A'),
(334, 'Product 334', 'Description 334', 15.50, 75, 'Category C'),
(335, 'Product 335', 'Description 335', 30.00, 30, 'Category B'),
(336, 'Product 336', 'Description 336', 12.75, 120, 'Category A'),
(337, 'Product 337', 'Description 337', 22.50, 60, 'Category C'),
(338, 'Product 338', 'Description 338', 18.00, 90, 'Category B'),
(339, 'Product 339', 'Description 339', 27.50, 40, 'Category A'),
(340, 'Product 340', 'Description 340', 14.25, 110, 'Category C'),
(341, 'Product 341', 'Description 341', 21.00, 55, 'Category B'),
(342, 'Product 342', 'Description 342', 17.00, 85, 'Category A'),
(343, 'Product 343', 'Description 343', 26.00, 35, 'Category C'),
(344, 'Product 344', 'Description 344', 13.50, 105, 'Category B'),
(345, 'Product 345', 'Description 345', 23.00, 65, 'Category A'),
(346, 'Product 346', 'Description 346', 19.00, 80, 'Category C'),
(347, 'Product 347', 'Description 347', 28.50, 45, 'Category B'),
(348, 'Product 348', 'Description 348', 16.00, 115, 'Category A'),
(349, 'Product 349', 'Description 349', 24.00, 70, 'Category C'),
(350, 'Product 350', 'Description 350', 12.00, 100, 'Category B'),
(351, 'Product 351', 'Description 351', 11.50, 125, 'Category A'),
(352, 'Product 352', 'Description 352', 20.50, 60, 'Category C'),
(353, 'Product 353', 'Description 353', 18.75, 95, 'Category B'),
(354, 'Product 354', 'Description 354', 27.00, 40, 'Category A'),
(355, 'Product 355', 'Description 355', 14.00, 110, 'Category C'),
(356, 'Product 356', 'Description 356', 22.00, 50, 'Category B'),
(357, 'Product 357', 'Description 357', 17.50, 88, 'Category A'),
(358, 'Product 358', 'Description 358', 25.50, 30, 'Category C'),
(359, 'Product 359', 'Description 359', 13.00, 102, 'Category B'),
(360, 'Product 360', 'Description 360', 21.50, 72, 'Category A'),
(361, 'Product 361', 'Description 361', 10.99, 100, 'Category A'),
(362, 'Product 362', 'Description 362', 19.99, 50, 'Category B'),
(363, 'Product 363', 'Description 363', 25.00, 200, 'Category A'),
(364, 'Product 364', 'Description 364', 15.50, 75, 'Category C'),
(365, 'Product 365', 'Description 365', 30.00, 30, 'Category B'),
(366, 'Product 366', 'Description 366', 12.75, 120, 'Category A'),
(367, 'Product 367', 'Description 367', 22.50, 60, 'Category C'),
(368, 'Product 368', 'Description 368', 18.00, 90, 'Category B'),
(369, 'Product 369', 'Description 369', 27.50, 40, 'Category A'),
(370, 'Product 370', 'Description 370', 14.25, 110, 'Category C'),
(371, 'Product 371', 'Description 371', 21.00, 55, 'Category B'),
(372, 'Product 372', 'Description 372', 17.00, 85, 'Category A'),
(373, 'Product 373', 'Description 373', 26.00, 35, 'Category C'),
(374, 'Product 374', 'Description 374', 13.50, 105, 'Category B'),
(375, 'Product 375', 'Description 375', 23.00, 65, 'Category A'),
(376, 'Product 376', 'Description 376', 19.00, 80, 'Category C'),
(377, 'Product 377', 'Description 377', 28.50, 45, 'Category B'),
(378, 'Product 378', 'Description 378', 16.00, 115, 'Category A'),
(379, 'Product 379', 'Description 379', 24.00, 70, 'Category C'),
(380, 'Product 380', 'Description 380', 12.00, 100, 'Category B'),
(381, 'Product 381', 'Description 381', 11.50, 125, 'Category A'),
(382, 'Product 382', 'Description 382', 20.50, 60, 'Category C'),
(383, 'Product 383', 'Description 383', 18.75, 95, 'Category B'),
(384, 'Product 384', 'Description 384', 27.00, 40, 'Category A'),
(385, 'Product 385', 'Description 385', 14.00, 110, 'Category C'),
(386, 'Product 386', 'Description 386', 22.00, 50, 'Category B'),
(387, 'Product 387', 'Description 387', 17.50, 88, 'Category A'),
(388, 'Product 388', 'Description 388', 25.50, 30, 'Category C'),
(389, 'Product 389', 'Description 389', 13.00, 102, 'Category B'),
(390, 'Product 390', 'Description 390', 21.50, 72, 'Category A'),
(391, 'Product 391', 'Description 391', 10.99, 100, 'Category C'),
(392, 'Product 392', 'Description 392', 19.99, 50, 'Category B'),
(393, 'Product 393', 'Description 393', 25.00, 200, 'Category A'),
(394, 'Product 394', 'Description 394', 15.50, 75, 'Category C'),
(395, 'Product 395', 'Description 395', 30.00, 30, 'Category B'),
(396, 'Product 396', 'Description 396', 12.75, 120, 'Category A'),
(397, 'Product 397', 'Description 397', 22.50, 60, 'Category C'),
(398, 'Product 398', 'Description 398', 18.00, 90, 'Category B'),
(399, 'Product 399', 'Description 399', 27.50, 40, 'Category A'),
(400, 'Product 400', 'Description 400', 14.25, 110, 'Category C'),
(401, 'Product 401', 'Description 401', 21.00, 55, 'Category B'),
(402, 'Product 402', 'Description 402', 17.00, 85, 'Category A'),
(403, 'Product 403', 'Description 403', 26.00, 35, 'Category C'),
(404, 'Product 404', 'Description 404', 13.50, 105, 'Category B'),
(405, 'Product 405', 'Description 405', 23.00, 65, 'Category A'),
(406, 'Product 406', 'Description 406', 19.00, 80, 'Category C'),
(407, 'Product 407', 'Description 407', 28.50, 45, 'Category B'),
(408, 'Product 408', 'Description 408', 16.00, 115, 'Category A'),
(409, 'Product 409', 'Description 409', 24.00, 70, 'Category C'),
(410, 'Product 410', 'Description 410', 12.00, 100, 'Category B'),
(411, 'Product 411', 'Description 411', 11.50, 125, 'Category A'),
(412, 'Product 412', 'Description 412', 20.50, 60, 'Category C'),
(413, 'Product 413', 'Description 413', 18.75, 95, 'Category B'),
(414, 'Product 414', 'Description 414', 27.00, 40, 'Category A'),
(415, 'Product 415', 'Description 415', 14.00, 110, 'Category C'),
(416, 'Product 416', 'Description 416', 22.00, 50, 'Category B'),
(417, 'Product 417', 'Description 417', 17.50, 88, 'Category A'),
(418, 'Product 418', 'Description 418', 25.50, 30, 'Category C'),
(419, 'Product 419', 'Description 419', 13.00, 102, 'Category B'),
(420, 'Product 420', 'Description 420', 21.50, 72, 'Category A'),
(421, 'Product 421', 'Description 421', 10.99, 100, 'Category A'),
(422, 'Product 422', 'Description 422', 19.99, 50, 'Category B'),
(423, 'Product 423', 'Description 423', 25.00, 200, 'Category A'),
(424, 'Product 424', 'Description 424', 15.50, 75, 'Category C'),
(425, 'Product 425', 'Description 425', 30.00, 30, 'Category B'),
(426, 'Product 426', 'Description 426', 12.75, 120, 'Category A'),
(427, 'Product 427', 'Description 427', 22.50, 60, 'Category C'),
(428, 'Product 428', 'Description 428', 18.00, 90, 'Category B'),
(429, 'Product 429', 'Description 429', 27.50, 40, 'Category A'),
(430, 'Product 430', 'Description 430', 14.25, 110, 'Category C'),
(431, 'Product 431', 'Description 431', 21.00, 55, 'Category B'),
(432, 'Product 432', 'Description 432', 17.00, 85, 'Category A'),
(433, 'Product 433', 'Description 433', 26.00, 35, 'Category C'),
(434, 'Product 434', 'Description 434', 13.50, 105, 'Category B'),
(435, 'Product 435', 'Description 435', 23.00, 65, 'Category A'),
(436, 'Product 436', 'Description 436', 19.00, 80, 'Category C'),
(437, 'Product 437', 'Description 437', 28.50, 45, 'Category B'),
(438, 'Product 438', 'Description 438', 16.00, 115, 'Category A'),
(439, 'Product 439', 'Description 439', 24.00, 70, 'Category C'),
(440, 'Product 440', 'Description 440', 12.00, 100, 'Category B'),
(441, 'Product 441', 'Description 441', 11.50, 125, 'Category A'),
(442, 'Product 442', 'Description 442', 20.50, 60, 'Category C'),
(443, 'Product 443', 'Description 443', 18.75, 95, 'Category B'),
(444, 'Product 444', 'Description 444', 27.00, 40, 'Category A'),
(445, 'Product 445', 'Description 445', 14.00, 110, 'Category C'),
(446, 'Product 446', 'Description 446', 22.00, 50, 'Category B'),
(447, 'Product 447', 'Description 447', 17.50, 88, 'Category A'),
(448, 'Product 448', 'Description 448', 25.50, 30, 'Category C'),
(449, 'Product 449', 'Description 449', 13.00, 102, 'Category B'),
(450, 'Product 450', 'Description 450', 21.50, 72, 'Category A'),
(451, 'Product 451', 'Description 451', 10.99, 100, 'Category C'),
(452, 'Product 452', 'Description 452', 19.99, 50, 'Category B'),
(453, 'Product 453', 'Description 453', 25.00, 200, 'Category A'),
(454, 'Product 454', 'Description 454', 15.50, 75, 'Category C'),
(455, 'Product 455', 'Description 455', 30.00, 30, 'Category B'),
(456, 'Product 456', 'Description 456', 12.75, 120, 'Category A'),
(457, 'Product 457', 'Description 457', 22.50, 60, 'Category C'),
(458, 'Product 458', 'Description 458', 18.00, 90, 'Category B'),
(459, 'Product 459', 'Description 459', 27.50, 40, 'Category A'),
(460, 'Product 460', 'Description 460', 14.25, 110, 'Category C'),
(461, 'Product 461', 'Description 461', 21.00, 55, 'Category B'),
(462, 'Product 462', 'Description 462', 17.00, 85, 'Category A'),
(463, 'Product 463', 'Description 463', 26.00, 35, 'Category C'),
(464, 'Product 464', 'Description 464', 13.50, 105, 'Category B'),
(465, 'Product 465', 'Description 465', 23.00, 65, 'Category A'),
(466, 'Product 466', 'Description 466', 19.00, 80, 'Category C'),
(467, 'Product 467', 'Description 467', 28.50, 45, 'Category B'),
(468, 'Product 468', 'Description 468', 16.00, 115, 'Category A'),
(469, 'Product 469', 'Description 469', 24.00, 70, 'Category C'),
(470, 'Product 470', 'Description 470', 12.00, 100, 'Category B'),
(471, 'Product 471', 'Description 471', 11.50, 125, 'Category A'),
(472, 'Product 472', 'Description 472', 20.50, 60, 'Category C'),
(473, 'Product 473', 'Description 473', 18.75, 95, 'Category B'),
(474, 'Product 474', 'Description 474', 27.00, 40, 'Category A'),
(475, 'Product 475', 'Description 475', 14.00, 110, 'Category C'),
(476, 'Product 476', 'Description 476', 22.00, 50, 'Category B'),
(477, 'Product 477', 'Description 477', 17.50, 88, 'Category A'),
(478, 'Product 478', 'Description 478', 25.50, 30, 'Category C'),
(479, 'Product 479', 'Description 479', 13.00, 102, 'Category B'),
(480, 'Product 480', 'Description 480', 21.50, 72, 'Category A'),
(481, 'Product 481', 'Description 481', 10.99, 100, 'Category C'),
(482, 'Product 482', 'Description 482', 19.99, 50, 'Category B'),
(483, 'Product 483', 'Description 483', 25.00, 200, 'Category A'),
(484, 'Product 484', 'Description 484', 15.50, 75, 'Category C'),
(485, 'Product 485', 'Description 485', 30.00, 30, 'Category B'),
(486, 'Product 486', 'Description 486', 12.75, 120, 'Category A'),
(487, 'Product 487', 'Description 487', 22.50, 60, 'Category C'),
(488, 'Product 488', 'Description 488', 18.00, 90, 'Category B'),
(489, 'Product 489', 'Description 489', 27.50, 40, 'Category A'),
(490, 'Product 490', 'Description 490', 14.25, 110, 'Category C'),
(491, 'Product 491', 'Description 491', 21.00, 55, 'Category B'),
(492, 'Product 492', 'Description 492', 17.00, 85, 'Category A'),
(493, 'Product 493', 'Description 493', 26.00, 35, 'Category C'),
(494, 'Product 494', 'Description 494', 13.50, 105, 'Category B'),
(495, 'Product 495', 'Description 495', 23.00, 65, 'Category A'),
(496, 'Product 496', 'Description 496', 19.00, 80, 'Category C'),
(497, 'Product 497', 'Description 497', 28.50, 45, 'Category B'),
(498, 'Product 498', 'Description 498', 16.00, 115, 'Category A'),
(499, 'Product 499', 'Description 499', 24.00, 70, 'Category C'),
(500, 'Product 500', 'Description 500', 12.00, 100, 'Category B');






SELECT * FROM CUSTOMERS

SELECT * FROM products

SELECT * FROM orders

SELECT * FROM employees

SELECT * FROM payments


SELECT * FROM orders as o
full join customers as c
on o.customer_id=c.customer_id;


select * from payments as p
inner join orders as o
on p.order_id=o.order_id;



select * from payments as p
left join customers as c
on p.payment_id=c.customer_id;




select * from products as p
right join employees as e
on p.product_id=e.employee_id;

select * from products as p
right join employees as e
on p.product_id=e.employee_id;


--4 tables using where query to condtionalize the data.			

SELECT * FROM orders as o
full join customers as c
on o.customer_id=c.customer_id where order_id>200;

select * from payments as p
inner join orders as o
on p.order_id=o.order_id where 100<customer_id and customer_id<150;

select * from payments as p
left join customers as c
on p.payment_id=c.customer_id where order_id>50 and order_id<350;

select * from products as p
right join employees as e
on p.product_id=e.employee_id where salary>=50000.00;


--give 4 example of multi join	


select * from customers as c
join orders as o on c.customer_id=o.customer_id
join products as p on o.order_id= p.product_id;


select * from customers as c
join orders as o on c.customer_id=o.customer_id
join products as p on o.order_id= p.product_id
where stock_quantity> 100;


select * from products as pro
join payments as pa on pro.product_id=pa.payment_id
join orders as o on pa.payment_id= o.order_id;


select * from products as pro
join payments as pa on pro.product_id=pa.payment_id
join orders as o on pa.payment_id= o.order_id
where 100<customer_id and customer_id<150;
